timestamp,t_bmp,presion_hpa,altitud,t_dht,humedad
841523002,20.2,1008.03,43.05,20.8,70.8
841523002,20.2,1008.03,42.88,20.8,70.8
841523003,20.2,1007.98,44.05,20.8,70.8
841523003,20.2,1007.98,44.05,20.8,70.8
841523004,20.2,1008.05,43.39,20.8,70.8
841523005,20.2,1008.04,44.05,20.8,70.8
841523006,20.2,1008.02,44.05,20.8,70.8
841523007,20.2,1008.02,43.89,20.8,70.7
841523008,20.2,1008.07,42.63,20.8,70.7
841523009,20.2,1008.04,43.14,20.8,70.7
841523010,20.2,1007.97,44.05,20.8,70.7
841523011,20.2,1007.96,44.05,20.8,70.7
841523012,20.2,1008.04,43.47,20.8,70.7
841523013,20.2,1008.07,43.14,20.8,70.7
841523014,20.2,1008.08,44.05,20.8,70.6
841523015,20.2,1008.06,42.47,20.8,70.6
841523016,20.2,1007.95,43.3,20.8,70.7
841523017,20.2,1008.06,43.47,20.8,70.7
841523018,20.2,1007.97,44.14,20.8,70.7
841523019,20.2,1008.04,42.88,20.8,70.7
841523020,20.2,1007.95,43.97,20.8,70.7
841523021,20.2,1007.97,42.97,20.8,70.6
841523022,20.2,1008.09,43.47,20.8,70.6
841523023,20.2,1008.08,42.72,20.8,70.6
841523024,20.2,1008.0,43.63,20.8,70.6
841523025,20.2,1008.07,43.47,20.8,70.7
841523026,20.2,1008.01,42.72,20.8,70.7
841523027,20.2,1008.03,43.72,20.8,70.7
841523028,20.2,1008.08,43.22,20.8,70.7
841523029,20.2,1007.98,44.31,20.8,70.7
841523030,20.2,1008.04,42.8,20.7,70.7
841523031,20.2,1008.04,43.47,20.7,70.7
841523032,20.2,1008.07,43.47,20.7,70.7
841523033,20.2,1008.04,42.88,20.7,70.7
841523034,20.2,1008.04,43.3,20.8,70.8
841523035,20.3,1008.06,43.05,20.8,70.8
841523036,20.3,1007.97,43.55,20.8,70.8
841523037,20.2,1008.0,43.05,20.8,70.8
841523038,20.2,1008.05,42.63,20.8,70.8
841523039,20.3,1008.06,43.22,20.8,70.8
841523040,20.2,1008.05,43.39,20.8,70.8
841523041,20.2,1008.08,42.97,20.8,70.8
841523042,20.2,1008.08,43.39,20.8,70.8
841523043,20.2,1008.0,43.05,20.8,70.8
841523044,20.2,1008.09,42.55,20.8,70.8
841523045,20.3,1008.05,43.05,20.8,70.8
841523046,20.2,1008.01,43.05,20.8,70.8
841523047,20.2,1008.13,42.72,20.8,70.8
841523048,20.2,1008.15,42.97,20.8,70.7
841523049,20.2,1008.0,43.8,20.8,70.7
841523050,20.3,1008.07,43.14,20.8,70.8
841523051,20.3,1008.1,42.3,20.8,70.8
841523052,20.3,1008.14,42.55,20.8,70.8
841523053,20.3,1008.05,42.97,20.8,70.8
841523054,20.3,1008.09,42.8,20.8,70.8
841523055,20.3,1008.12,43.3,20.8,70.9
841523056,20.3,1008.07,42.38,20.8,70.9
841523057,20.3,1008.05,42.88,20.7,70.8
841523058,20.3,1008.06,43.14,20.7,70.8
841523059,20.3,1008.09,43.05,20.7,70.8
841523060,20.3,1008.16,42.8,20.7,70.8
841523061,20.3,1008.12,43.63,20.7,70.8
841523062,20.3,1008.12,43.05,20.8,70.8
841523063,20.3,1008.11,42.8,20.8,70.8
841523064,20.3,1008.11,43.05,20.8,70.8
841523065,20.3,1008.14,42.55,20.8,70.8
841523066,20.3,1008.11,43.05,20.7,70.8
841523067,20.3,1008.12,42.88,20.7,70.8
841523068,20.3,1008.11,42.05,20.7,70.8
841523069,20.3,1008.1,42.8,20.8,70.8
841523070,20.3,1008.1,43.05,20.8,70.8
841523071,20.3,1007.96,43.05,20.8,70.8
841523072,20.3,1008.12,43.55,20.8,70.8
841523073,20.3,1008.1,43.14,20.8,70.8
841523074,20.3,1008.1,42.8,20.8,70.8
841523075,20.3,1008.13,43.72,20.8,70.8
841523076,20.3,1008.01,42.8,20.8,70.9
841523077,20.3,1008.12,42.88,20.8,70.9
841523078,20.3,1008.15,42.63,20.8,70.9
841523079,20.3,1008.13,42.72,20.8,70.9
841523080,20.3,1008.12,42.55,20.8,70.9
841523081,20.3,1008.05,42.97,20.8,70.9
841523082,20.3,1008.13,42.97,20.8,70.9
841523083,20.3,1008.08,42.63,20.8,70.9
841523084,20.3,1008.16,43.05,20.8,70.9
841523085,20.3,1008.12,43.14,20.9,70.9
841523086,20.3,1008.14,42.38,20.9,70.9
841523087,20.3,1008.16,43.22,20.9,70.9
841523088,20.3,1008.17,42.47,20.9,70.9
841523089,20.3,1008.15,42.72,20.9,70.9
841523090,20.3,1008.13,42.63,20.9,70.9
841523091,20.3,1008.17,42.72,20.9,70.9
841523092,20.3,1008.13,42.63,20.9,70.9
841523093,20.3,1008.15,42.55,20.9,70.9
841523095,20.3,1008.14,43.39,20.9,70.9
841523095,20.3,1008.15,42.97,20.9,70.9
841523096,20.3,1008.15,42.97,20.9,70.9
841523097,20.3,1008.18,42.88,20.9,70.9
841523098,20.3,1008.13,42.55,21.0,70.8
841523099,20.3,1008.15,41.8,21.0,70.8
841523100,20.3,1008.17,42.05,21.0,70.8
841523101,20.3,1008.07,42.05,21.0,70.8
841523102,20.3,1008.13,42.22,21.0,70.8
841523103,20.3,1008.17,42.3,21.0,70.7
841523104,20.3,1008.16,42.05,21.0,70.7
841523105,20.3,1008.19,42.05,21.0,70.8
841523106,20.3,1008.12,42.05,21.0,70.8
841523107,20.3,1008.13,42.88,21.0,70.8
841523108,20.4,1008.13,42.3,21.1,70.6
841523109,20.3,1008.19,42.8,21.1,70.6
841523110,20.4,1008.22,42.38,21.1,70.5
841523111,20.3,1008.1,43.39,21.1,70.5
841523112,20.4,1008.18,42.47,21.1,70.5
841523113,20.3,1008.19,42.13,21.1,70.5
841523114,20.4,1008.14,42.8,21.2,70.4
841523115,20.4,1008.19,43.3,21.2,70.4
841523116,20.4,1008.14,42.63,21.2,70.4
841523117,20.4,1008.09,42.97,21.2,70.4
841523118,20.4,1008.15,42.72,21.2,70.4
841523119,20.4,1007.99,44.05,21.3,70.2
841523120,20.4,1008.12,42.63,21.3,70.2
841523121,20.4,1008.07,42.38,21.3,70.1
841523122,20.4,1008.09,42.47,21.3,70.1
841523123,20.4,1008.13,42.63,21.3,70.1
841523125,20.4,1008.01,43.22,21.3,70.1
841523125,20.4,1008.15,42.47,21.3,70.1
841523126,20.4,1008.17,42.88,21.3,70.0
841523127,20.4,1008.19,42.22,21.3,70.0
841523128,20.4,1008.1,42.55,21.4,69.9
841523129,20.4,1008.1,42.63,21.4,69.9
841523130,20.4,1008.18,42.8,21.4,69.8
841523131,20.4,1008.19,42.72,21.4,69.8
841523132,20.4,1008.09,42.8,21.4,69.8
841523133,20.4,1008.17,42.13,21.4,69.7
841523134,20.4,1008.19,42.55,21.4,69.7
841523135,20.4,1008.04,42.63,21.5,69.6
841523136,20.4,1008.06,42.63,21.5,69.6
841523137,20.4,1008.1,42.88,21.5,69.5
841523138,20.4,1008.17,42.38,21.5,69.5
841523139,20.4,1008.12,42.13,21.5,69.5
841523140,20.4,1008.17,42.38,21.6,69.5
841523141,20.4,1008.1,42.38,21.6,69.5
841523142,20.4,1008.15,43.14,21.6,69.3
841523143,20.4,1008.19,42.3,21.6,69.3
841523144,20.4,1008.11,42.72,21.6,69.2
841523145,20.4,1008.03,42.63,21.6,69.2
841523146,20.4,1008.09,42.47,21.7,69.1
841523147,20.4,1008.17,41.88,21.7,69.1
841523150,20.4,1008.18,41.71,21.7,69.1
841523150,20.4,1008.14,42.38,21.7,69.1
841523150,20.4,1008.21,41.88,21.7,69.1
841523151,20.4,1008.21,41.88,21.7,68.9
841523152,20.4,1008.2,42.55,21.7,68.9
841523153,20.4,1008.12,42.8,21.7,68.9
841523154,20.4,1008.23,41.8,21.7,68.9
841523155,20.4,1008.24,41.63,21.7,68.9
841523156,20.4,1008.14,42.97,21.8,68.8
841523157,20.4,1008.15,42.38,21.8,68.8
841523158,20.4,1008.2,42.13,21.8,68.7
841523159,20.4,1008.18,42.38,21.8,68.7
841523162,20.4,1008.2,42.38,21.8,68.6
841523162,20.4,1008.08,41.96,21.8,68.6
841523162,20.4,1008.14,42.47,21.8,68.5
841523163,20.4,1008.16,41.63,21.8,68.5
841523164,20.4,1008.16,42.55,21.8,68.5
841523165,20.4,1008.12,42.47,21.8,68.4
841523166,20.4,1008.18,43.3,21.8,68.4
841523167,20.4,1008.16,42.47,21.9,68.3
841523168,20.4,1008.14,42.47,21.9,68.3
841523169,20.5,1008.13,41.88,21.9,68.2
841523170,20.5,1008.17,42.38,21.9,68.2
841523171,20.5,1008.16,42.47,21.9,68.2
841523174,20.5,1008.16,42.3,21.9,68.1
841523174,20.5,1008.18,42.3,21.9,68.1
841523174,20.4,1008.15,42.13,21.9,68.1
841523175,20.5,1008.23,42.55,21.9,68.1
841523176,20.5,1008.12,43.14,21.9,68.1
841523177,20.5,1008.16,42.97,21.9,68.1
841523178,20.5,1008.13,42.22,22.0,68.0
841523179,20.5,1008.07,42.88,22.0,68.0
841523180,20.5,1008.14,42.22,22.0,68.0
841523181,20.5,1008.17,42.97,21.9,68.0
841523182,20.5,1008.15,41.8,21.9,68.0
841523183,20.5,1008.16,42.3,22.0,67.9
841523184,20.5,1008.15,42.63,22.0,67.9
841523185,20.5,1008.18,43.22,22.0,67.8
841523186,20.5,1008.16,42.63,22.0,67.8
841523187,20.5,1008.24,42.22,22.0,67.8
841523188,20.5,1008.17,42.22,22.0,67.7
841523189,20.5,1008.2,42.22,22.0,67.7
841523190,20.5,1008.17,42.22,22.0,67.6
841523191,20.5,1008.25,43.05,22.0,67.6
841523192,20.5,1008.17,42.22,22.1,67.6
841523195,20.5,1008.27,42.22,22.1,67.6
841523195,20.5,1008.11,42.13,22.1,67.5
841523195,20.5,1008.18,42.63,22.1,67.5
841523196,20.5,1008.19,41.63,22.1,67.5
841523197,20.5,1008.23,42.47,22.1,67.4
841523198,20.5,1008.15,41.8,22.1,67.4
841523199,20.5,1008.17,41.63,22.1,67.4
841523200,20.5,1008.16,42.22,22.1,67.4
841523201,20.5,1008.17,41.63,22.1,67.3
841523202,20.5,1008.2,41.46,22.1,67.3
841523203,20.5,1008.27,41.88,22.1,67.3
841523204,20.5,1008.22,42.72,22.1,67.2
841523205,20.5,1008.13,42.47,22.1,67.2
841523206,20.5,1008.29,42.63,22.1,67.1
841523207,20.5,1008.2,41.21,22.1,67.1
841523208,20.5,1008.26,42.13,22.1,67.1
841523209,20.5,1008.22,41.8,22.1,67.1
841523210,20.5,1008.09,42.88,22.2,67.0
841523211,20.5,1008.21,41.8,22.2,67.0
841523212,20.5,1008.04,42.55,22.2,67.0
841523213,20.5,1008.19,41.8,22.2,66.9
841523214,20.5,1008.18,41.88,22.2,66.9
841523215,20.5,1008.22,42.13,22.2,66.8
841523216,20.5,1008.22,42.05,22.2,66.8
841523217,20.5,1008.24,42.13,22.2,66.8
841523218,20.5,1008.22,41.3,22.2,66.8
841523219,20.5,1008.25,42.13,22.2,66.8
841523220,20.5,1008.21,42.22,22.2,66.7
841523221,20.5,1008.23,41.71,22.2,66.7
841523222,20.5,1008.22,42.13,22.2,66.7
841523282,20.5,1008.27,41.3,22.2,66.7
841523282,20.5,1008.29,41.71,22.2,66.6
841523282,20.5,1008.16,42.38,22.2,66.6
841523283,20.5,1008.24,42.05,22.0,66.4
841523283,20.5,1008.26,41.96,22.0,66.4
841523284,20.5,1008.26,41.55,22.0,66.4
841523285,20.5,1008.26,41.46,22.0,66.4
841523286,20.5,1008.25,41.38,22.0,66.4
841523287,20.5,1008.2,42.13,22.0,66.4
841523288,20.5,1008.24,41.05,21.9,66.5
841523289,20.5,1008.23,41.38,21.9,66.5
841523290,20.5,1008.24,40.79,21.9,66.5
841523291,20.5,1008.25,41.96,21.9,66.5
841523292,20.5,1008.25,41.63,21.9,66.5
841523293,20.5,1008.24,42.13,21.9,66.5
841523294,20.5,1008.24,42.3,21.9,66.5
841523295,20.5,1008.21,41.8,21.9,66.5
841523296,20.5,1008.22,42.05,21.9,66.5
841523297,20.5,1008.25,42.22,21.9,66.6
841523298,20.5,1008.15,43.22,21.9,66.6
841523299,20.5,1008.16,42.22,21.9,66.6
841523300,20.5,1008.28,41.96,21.9,66.6
841523301,20.5,1008.25,41.21,21.9,66.6
841523302,20.5,1008.26,41.05,21.9,66.6
841523303,20.5,1008.25,41.71,21.9,66.6
841523304,20.5,1008.18,42.22,21.8,66.7
841523305,20.5,1008.17,41.8,21.8,66.7
841523306,20.5,1008.24,41.96,21.8,66.7
841523307,20.5,1008.23,41.88,21.8,66.7
841523308,20.5,1008.18,41.88,21.8,66.7
841523309,20.5,1008.23,41.63,21.8,66.7
841523310,20.5,1008.27,42.13,21.8,66.7
841523311,20.5,1008.29,42.05,21.8,66.8
841523312,20.5,1008.3,41.71,21.8,66.8
841523313,20.5,1008.28,41.88,21.8,66.8
841523314,20.5,1008.22,41.46,21.8,66.8
841523315,20.5,1008.19,41.63,21.8,66.8
841523316,20.5,1008.24,42.38,21.8,66.8
841523317,20.5,1008.27,42.3,21.8,66.8
841523318,20.5,1008.19,42.3,21.7,66.9
841523319,20.5,1008.21,41.88,21.7,66.9
841523320,20.5,1008.22,41.63,21.7,66.9
841523321,20.5,1008.14,41.38,21.7,66.9
841523322,20.6,1008.23,41.96,21.7,67.0
841523323,20.6,1008.24,40.88,21.7,67.0
841523324,20.6,1008.31,42.55,21.7,67.0
841523325,20.6,1008.26,41.21,21.7,67.1
841523326,20.6,1008.22,42.88,21.7,67.1
841523327,20.6,1008.21,41.38,21.7,67.1
841523328,20.6,1008.21,41.38,21.7,67.1
841523329,20.6,1008.32,41.05,21.7,67.1
841523330,20.6,1008.25,40.96,21.7,67.1
841523331,20.6,1008.22,41.13,21.7,67.1
841523332,20.6,1008.26,41.96,21.7,67.2
841523333,20.6,1008.34,41.63,21.7,67.2
841523334,20.6,1008.2,42.05,21.7,67.3
841523335,20.6,1008.21,41.8,21.7,67.3
841523336,20.6,1008.25,41.38,21.7,67.3
841523337,20.6,1008.18,41.13,21.7,67.3
841523338,20.6,1008.23,42.8,21.7,67.3
841523339,20.6,1008.3,42.72,21.7,67.3
841523340,20.6,1008.21,41.3,21.7,67.3
841523341,20.6,1008.22,41.21,21.6,67.4
841523342,20.6,1008.31,41.05,21.6,67.4
841523402,20.6,1008.25,41.21,21.6,67.4
841523402,20.6,1008.28,41.88,21.6,67.4
841523402,20.6,1008.22,41.13,21.7,67.5
841523403,20.7,1008.27,41.96,21.6,67.9
841523403,20.7,1008.24,41.21,21.6,67.9
841523404,20.7,1008.28,41.46,21.6,67.9
841523405,20.7,1008.21,41.8,21.6,67.9
841523406,20.7,1008.24,41.05,21.6,67.9
841523407,20.7,1008.31,41.63,21.6,67.9
841523408,20.7,1008.35,41.38,21.6,67.9
841523409,20.7,1008.28,40.79,21.6,67.9
841523410,20.7,1008.36,40.71,21.6,67.9
841523411,20.7,1008.36,41.46,21.6,67.9
841523412,20.7,1008.24,41.55,21.6,67.9
841523413,20.7,1008.3,40.88,21.6,67.9
841523414,20.7,1008.17,42.38,21.6,67.8
841523415,20.7,1008.29,41.71,21.6,67.8
841523416,20.7,1008.28,41.38,21.6,67.9
841523417,20.7,1008.26,41.96,21.6,67.9
841523418,20.7,1008.26,41.96,21.6,67.8
841523419,20.7,1008.29,42.05,21.6,67.8
841523420,20.7,1008.29,41.96,21.6,67.8
841523421,20.7,1008.18,42.13,21.5,67.9
841523422,20.7,1008.19,40.88,21.5,67.9
841523423,20.7,1008.23,40.96,21.5,67.9
841523424,20.7,1008.23,42.38,21.5,67.9
841523425,20.7,1008.31,41.3,21.6,67.9
841523426,20.7,1008.15,42.55,21.6,67.9
841523427,20.7,1008.23,42.05,21.6,67.9
841523428,20.7,1008.3,41.63,21.5,67.9
841523429,20.7,1008.39,40.88,21.5,67.9
841523430,20.7,1008.31,41.05,21.5,67.9
841523431,20.7,1008.26,40.96,21.5,67.9
841523432,20.7,1008.28,41.05,21.5,67.9
841523433,20.7,1008.22,41.8,21.5,67.9
841523434,20.7,1008.26,40.79,21.5,67.9
841523435,20.7,1008.28,41.38,21.5,67.9
841523436,20.7,1008.34,41.55,21.5,67.9
841523437,20.7,1008.31,41.38,21.5,67.9
841523438,20.7,1008.23,41.13,21.5,67.9
841523439,20.7,1008.23,40.96,21.5,68.0
841523440,20.7,1008.27,41.38,21.5,68.0
841523441,20.7,1008.26,41.96,21.5,68.0
841523442,20.7,1008.32,40.54,21.5,68.0
841523443,20.7,1008.26,41.3,21.5,68.0
841523444,20.7,1008.3,40.96,21.5,68.0
841523445,20.7,1008.25,41.05,21.5,68.0
841523446,20.7,1008.3,41.38,21.5,68.0
841523447,20.7,1008.16,42.55,21.5,68.0
841523448,20.7,1008.37,41.63,21.5,68.0
841523449,20.7,1008.28,41.13,21.5,68.0
841523450,20.7,1008.33,41.38,21.5,68.0
841523451,20.7,1008.23,41.21,21.5,68.0
841523452,20.7,1008.25,41.3,21.5,68.0
841523453,20.7,1008.34,40.88,21.5,68.0
841523454,20.7,1008.31,41.21,21.5,68.0
841523455,20.7,1008.33,41.55,21.5,68.1
841523456,20.7,1008.32,40.96,21.5,68.1
841523457,20.7,1008.26,42.13,21.5,68.1
841523458,20.7,1008.36,41.55,21.5,68.1
841523459,20.7,1008.31,41.8,21.5,68.1
841523460,20.7,1008.3,41.71,21.5,68.1
841523461,20.7,1008.31,41.13,21.5,68.1
841523462,20.7,1008.2,41.8,21.5,68.2
841523463,20.7,1008.2,41.96,21.5,68.2
841523464,20.7,1008.25,40.79,21.5,68.2
841523465,20.7,1008.28,41.05,21.5,68.2
841523466,20.7,1008.23,41.3,21.5,68.3
841523468,20.7,1008.29,41.3,21.5,68.3
841523468,20.7,1008.31,41.13,21.5,68.3
841523469,20.7,1008.35,41.13,21.5,68.3
841523470,20.7,1008.25,41.21,21.5,68.3
841523471,20.7,1008.21,41.21,21.5,68.3
841523472,20.7,1008.38,41.63,21.5,68.3
841523473,20.7,1008.26,41.55,21.5,68.3
841523474,20.7,1008.36,41.55,21.5,68.3
841523475,20.7,1008.31,41.46,21.5,68.3
841523477,20.7,1008.31,41.63,21.6,68.3
841523477,20.7,1008.33,41.46,21.6,68.3
841523478,20.7,1008.33,41.21,21.6,68.3
841523479,20.7,1008.3,41.63,21.6,68.3
841523480,20.7,1008.25,41.38,21.6,68.2
841523481,20.7,1008.25,41.21,21.6,68.2
841523482,20.7,1008.26,41.46,21.6,68.2
841523483,20.7,1008.25,40.79,21.6,68.2
841523484,20.7,1008.29,42.47,21.6,68.2
841523486,20.7,1008.27,40.88,21.6,68.2
841523486,20.7,1008.29,41.46,21.6,68.2
841523487,20.7,1008.28,41.21,21.6,68.1
841523488,20.7,1008.24,41.21,21.6,68.1
841523489,20.7,1008.15,41.96,21.6,68.1
841523490,20.7,1008.27,41.3,21.6,68.1
841523491,20.8,1008.21,41.3,21.6,68.1
841523492,20.7,1008.25,41.96,21.6,68.1
841523493,20.8,1008.33,41.3,21.6,68.1
841523495,20.8,1008.27,41.46,21.6,68.1
841523495,20.7,1008.33,40.88,21.6,68.1
841523496,20.8,1008.36,40.63,21.6,68.1
841523497,20.7,1008.29,41.55,21.6,68.1
841523498,20.7,1008.28,40.63,21.6,68.1
841523499,20.7,1008.23,41.3,21.6,68.1
841523500,20.7,1008.2,41.55,21.6,68.1
841523501,20.7,1008.26,41.13,21.6,68.0
841523502,20.7,1008.15,42.72,21.6,68.0
841523504,20.7,1008.25,41.63,21.6,68.0
841523505,20.7,1008.28,41.38,21.6,68.0
841523505,20.7,1008.23,41.13,21.6,67.9
841523507,20.8,1008.24,40.96,21.6,67.9
841523507,20.7,1008.27,40.96,21.6,67.9
841523508,20.8,1008.24,41.13,21.6,67.9
841523509,20.7,1008.28,42.05,21.6,67.9
841523510,20.8,1008.26,41.13,21.6,67.9
841523511,20.8,1008.26,40.96,21.6,67.9
841523512,20.7,1008.29,41.38,21.6,67.9
841523513,20.8,1008.28,41.55,21.6,67.9
841523515,20.8,1008.23,41.38,21.6,67.8
841523516,20.8,1008.17,41.3,21.6,67.8
841523516,20.8,1008.2,40.88,21.6,67.8
841523517,20.8,1008.22,41.21,21.6,67.8
841523518,20.8,1008.34,40.96,21.6,67.8
841523519,20.8,1008.3,41.63,21.6,67.8
841523520,20.8,1008.37,41.21,21.6,67.8
841523521,20.8,1008.26,40.96,21.6,67.8
841523522,20.8,1008.3,41.13,21.6,67.8
841523523,20.8,1008.34,40.96,21.6,67.8
841523524,20.8,1008.3,41.3,21.6,67.8
841523525,20.8,1008.29,40.79,21.6,67.8
841523526,20.8,1008.29,40.71,21.6,67.8
841523527,20.8,1008.27,41.46,21.6,67.8
841523528,20.7,1008.36,41.21,21.6,67.8
841523529,20.8,1008.31,41.46,21.6,67.8
841523530,20.8,1008.34,40.88,21.6,67.8
841523531,20.8,1008.3,41.13,21.6,67.8
841523532,20.8,1008.28,40.88,21.6,67.8
841523533,20.8,1008.24,41.8,21.6,67.8
841523535,20.8,1008.22,41.63,21.6,67.8
841523536,20.8,1008.25,41.8,21.6,67.8
841523536,20.8,1008.21,41.8,21.6,67.8
841523537,20.8,1008.32,41.21,21.6,67.8
841523538,20.8,1008.25,40.79,21.6,67.8
841523539,20.8,1008.28,41.63,21.6,67.8
841523541,20.8,1008.32,41.71,21.6,67.8
841523542,20.8,1008.26,41.3,21.6,67.8
841523542,20.8,1008.24,41.8,21.6,67.9
841523543,20.8,1008.33,41.05,21.6,67.9
841523545,20.8,1008.26,41.21,21.6,67.9
841523546,20.8,1008.32,40.71,21.6,67.9
841523546,20.8,1008.32,41.05,21.6,67.8
841523547,20.8,1008.24,41.46,21.6,67.8
841523548,20.8,1008.35,40.71,21.6,67.8
841523550,20.8,1008.32,40.21,21.6,67.8
841523551,20.8,1008.36,41.3,21.6,67.8
841523551,20.8,1008.32,41.55,21.6,67.8
841523552,20.8,1008.31,41.38,21.6,67.8
841523554,20.8,1008.26,41.3,21.6,67.8
841523555,20.8,1008.39,40.71,21.6,67.8
841523555,20.8,1008.32,41.05,21.6,67.8
841523556,20.8,1008.25,40.96,21.6,67.8
841523557,20.8,1008.36,39.96,21.6,67.8
841523559,20.8,1008.39,41.21,21.6,67.8
841523560,20.8,1008.31,41.13,21.6,67.8
841523560,20.8,1008.28,42.05,21.6,67.8
841523561,20.8,1008.33,40.96,21.6,67.8
841523562,20.8,1008.32,40.21,21.6,67.8
841523563,20.8,1008.36,40.79,21.6,67.8
841523565,20.8,1008.3,40.79,21.6,67.8
841523566,20.8,1008.3,41.05,21.7,67.8
841523567,20.8,1008.35,41.46,21.7,67.8
841523567,20.8,1008.28,40.88,21.7,67.7
841523568,20.8,1008.34,40.13,21.7,67.7
841523569,20.8,1008.34,39.87,21.7,67.7
841523571,20.8,1008.37,41.55,21.7,67.7
841523571,20.8,1008.32,41.05,21.7,67.7
841523572,20.8,1008.35,40.96,21.7,67.7
841523573,20.8,1008.34,40.63,21.7,67.7
841523574,20.8,1008.35,40.63,21.7,67.7
841523575,20.8,1008.37,40.71,21.7,67.7
841523576,20.8,1008.35,40.79,21.7,67.7
841523577,20.8,1008.19,41.13,21.7,67.7
841523579,20.8,1008.28,41.05,21.7,67.7
841523580,20.8,1008.32,40.71,21.7,67.7
841523581,20.8,1008.29,40.21,21.7,67.7
841523581,20.8,1008.32,40.54,21.7,67.6
841523582,20.8,1008.33,41.55,21.7,67.6
841523583,20.8,1008.44,40.71,21.7,67.7
841523584,20.8,1008.37,40.71,21.7,67.7
841523585,20.8,1008.3,41.8,21.7,67.7
841523586,20.8,1008.34,41.05,21.7,67.7
841523587,20.9,1008.34,41.21,21.7,67.7
841523589,20.8,1008.38,41.13,21.7,67.7
841523590,20.9,1008.35,40.96,21.7,67.7
841523591,20.8,1008.24,41.38,21.7,67.7
841523591,20.9,1008.32,41.21,21.7,67.7
841523592,20.8,1008.25,41.05,21.7,67.7
841523594,20.8,1008.31,41.13,21.7,67.7
841523595,20.8,1008.36,41.8,21.7,67.6
841523596,20.8,1008.34,40.96,21.7,67.6
841523596,20.8,1008.37,41.13,21.7,67.6
841523597,20.8,1008.32,40.71,21.7,67.6
841523598,20.8,1008.3,40.96,21.7,67.6
841523599,20.8,1008.35,40.79,21.7,67.7
841523600,20.8,1008.31,40.79,21.7,67.7
841523601,20.8,1008.33,40.79,21.7,67.6
841523602,20.8,1008.27,41.46,21.7,67.6
841523603,20.8,1008.31,41.05,21.7,67.6
841523604,20.8,1008.26,40.54,21.7,67.6
841523605,20.8,1008.38,40.54,21.7,67.6
841523606,20.8,1008.38,39.79,21.7,67.6
841523607,20.8,1008.43,40.04,21.7,67.6
841523608,20.8,1008.44,41.21,21.7,67.6
841523610,20.8,1008.44,40.63,21.7,67.6
841523610,20.8,1008.36,40.63,21.7,67.6
841523611,20.8,1008.28,40.79,21.7,67.6
841523613,20.8,1008.24,41.21,21.7,67.6
841523614,20.8,1008.37,40.88,21.7,67.5
841523614,20.8,1008.26,41.3,21.7,67.5
841523616,20.8,1008.37,40.54,21.7,67.5
841523617,20.8,1008.44,40.79,21.7,67.5
841523618,20.9,1008.46,40.88,21.7,67.5
841523619,20.8,1008.3,40.71,21.7,67.5
841523620,20.8,1008.37,41.3,21.7,67.5
841523621,20.8,1008.38,40.79,21.7,67.5
841523622,20.8,1008.45,40.96,21.7,67.5
841523623,20.8,1008.31,40.63,21.7,67.5
841523624,20.8,1008.32,40.13,21.7,67.5
841523624,20.8,1008.46,40.71,21.7,67.5
841523625,20.8,1008.34,40.04,21.7,67.5
841523626,20.8,1008.34,40.54,21.7,67.4
841523628,20.8,1008.27,40.71,21.7,67.4
841523629,20.8,1008.27,40.88,21.7,67.4
841523630,20.8,1008.37,40.63,21.7,67.4
841523630,20.8,1008.35,40.71,21.7,67.4
841523631,20.8,1008.44,40.04,21.6,67.4
841523632,20.8,1008.33,40.04,21.6,67.4
841523633,20.8,1008.45,40.04,21.6,67.4
841523634,20.8,1008.33,40.13,21.6,67.4
841523635,20.8,1008.28,40.63,21.6,67.4
841523636,20.8,1008.34,40.54,21.6,67.5
841523638,20.8,1008.33,40.71,21.6,67.5
841523639,20.8,1008.25,40.96,21.6,67.5
841523640,20.8,1008.37,40.21,21.6,67.5
841523641,20.8,1008.36,40.96,21.6,67.5
841523641,20.8,1008.38,40.96,21.6,67.5
841523643,20.9,1008.33,40.79,21.6,67.5
841523644,20.9,1008.34,40.88,21.6,67.5
841523645,20.9,1008.39,41.21,21.6,67.5
841523646,20.8,1008.29,41.55,21.6,67.6
841523647,20.8,1008.38,40.79,21.6,67.6
841523648,20.9,1008.34,40.88,21.6,67.6
841523649,20.9,1008.45,39.96,21.6,67.6
841523649,20.8,1008.25,41.8,21.6,67.6
841523650,20.9,1008.36,41.3,21.6,67.6
841523651,20.8,1008.26,41.13,21.6,67.6
841523653,20.8,1008.44,40.54,21.6,67.7
841523654,20.9,1008.38,40.21,21.6,67.7
841523655,20.9,1008.47,40.21,21.6,67.7
841523656,20.9,1008.27,40.71,21.6,67.7
841523657,20.9,1008.28,41.05,21.6,67.7
841523658,20.9,1008.44,40.04,21.6,67.7
841523659,20.9,1008.38,40.04,21.6,67.8
841523660,20.9,1008.3,40.96,21.6,67.8
841523661,20.9,1008.33,41.05,21.6,67.8
841523662,20.9,1008.36,40.79,21.6,67.8
841523663,20.9,1008.35,40.54,21.6,67.8
841523664,20.9,1008.43,40.04,21.6,67.9
841523665,20.9,1008.24,40.13,21.6,67.9
841523666,20.9,1008.24,40.13,21.6,67.9
841523667,20.9,1008.33,40.71,21.6,67.9
841523668,20.9,1008.36,40.54,21.6,67.9
841523669,20.9,1008.43,39.96,21.5,67.9
841523670,20.9,1008.37,40.54,21.5,67.9
841523671,20.9,1008.31,41.3,21.5,68.0
841523672,20.9,1008.38,40.63,21.5,68.0
841523673,20.9,1008.37,40.13,21.5,68.0
841523674,20.9,1008.29,41.05,21.5,68.0
841523675,20.9,1008.33,41.55,21.5,68.0
841523676,20.9,1008.38,40.79,21.5,68.0
841523677,20.9,1008.43,40.63,21.5,68.0
841523678,20.9,1008.31,40.79,21.5,68.0
841523679,20.9,1008.39,40.79,21.5,68.0
841523680,20.9,1008.36,40.21,21.5,68.0
841523681,20.9,1008.37,40.63,21.5,68.0
841523682,20.9,1008.36,41.3,21.5,68.1
841523683,20.9,1008.33,40.71,21.5,68.1
841523684,20.9,1008.35,41.13,21.5,68.1
841523685,20.9,1008.34,40.54,21.5,68.1
841523686,20.9,1008.25,41.63,21.5,68.1
841523687,20.9,1008.39,41.3,21.5,68.1
841523688,20.9,1008.35,40.21,21.5,68.1
841523689,20.9,1008.34,40.79,21.5,68.1
841523690,20.9,1008.44,39.87,21.5,68.1
841523691,20.9,1008.34,41.21,21.5,68.2
841523692,20.9,1008.34,40.71,21.5,68.2
841523693,20.9,1008.28,40.96,21.5,68.2
841523694,20.9,1008.32,40.96,21.5,68.2
841523695,20.9,1008.28,41.38,21.5,68.2
841523696,20.9,1008.32,40.71,21.5,68.1
841523697,20.9,1008.29,40.54,21.5,68.1
841523698,20.9,1008.34,40.13,21.5,68.2
841523699,20.9,1008.33,41.55,21.5,68.2
841523700,20.9,1008.34,41.21,21.5,68.2
841523701,20.9,1008.34,42.22,21.5,68.2
841523702,20.9,1008.3,41.05,21.5,68.2
841523703,20.9,1008.29,40.88,21.5,68.1
841523704,20.9,1008.44,40.54,21.5,68.1
841523705,20.9,1008.35,40.63,21.5,68.1
841523706,20.9,1008.38,40.04,21.5,68.1
841523707,20.9,1008.36,41.55,21.5,68.1
841523708,20.9,1008.34,40.54,21.5,68.1
841523709,20.9,1008.35,40.79,21.5,68.1
841523710,20.9,1008.29,40.54,21.5,68.1
841523711,20.9,1008.29,41.46,21.5,68.1
841523712,20.9,1008.31,40.88,21.5,68.1
841523713,20.9,1008.33,41.46,21.5,68.1
841523714,20.9,1008.33,40.13,21.5,68.1
841523715,20.9,1008.39,40.21,21.5,68.1
841523716,20.9,1008.44,39.62,21.5,68.1
841523717,20.9,1008.31,40.21,21.5,68.1
841523718,20.9,1008.28,41.46,21.5,68.1
841523719,20.9,1008.32,41.96,21.5,68.1
841523720,20.9,1008.36,40.54,21.5,68.1
841523721,20.9,1008.36,41.05,21.5,68.1
841523722,20.9,1008.36,40.54,21.5,68.1
841523723,20.9,1008.35,40.13,21.5,68.1
841523724,20.9,1008.35,40.79,21.5,68.1
841523725,20.9,1008.39,40.13,21.5,68.1
841523726,20.9,1008.36,40.21,21.5,68.1
841523727,20.9,1008.31,40.79,21.5,68.1
841523728,20.9,1008.39,40.04,21.5,68.1
841523729,20.9,1008.44,40.71,21.5,68.1
841523730,20.9,1008.35,41.13,21.5,68.1
841523731,20.9,1008.34,40.13,21.5,68.1
841523732,20.9,1008.37,40.63,21.5,68.1
841523733,20.9,1008.44,40.13,21.4,68.1
841523734,20.9,1008.36,41.05,21.4,68.1
841523735,20.9,1008.34,40.71,21.4,68.2
841523736,20.9,1008.38,40.13,21.4,68.2
841523737,20.9,1008.36,41.05,21.4,68.2
841523738,20.9,1008.47,39.29,21.4,68.2
841523739,20.9,1008.38,40.79,21.4,68.2
841523740,20.9,1008.39,40.71,21.4,68.2
841523741,20.9,1008.28,41.05,21.4,68.2
841523742,20.9,1008.37,40.13,21.4,68.2
841523743,20.9,1008.34,40.71,21.4,68.2
841523744,20.9,1008.32,40.79,21.4,68.2
841523745,20.9,1008.39,40.21,21.4,68.2
841523746,20.9,1008.43,40.63,21.4,68.3
841523747,20.9,1008.36,41.13,21.4,68.3
841523748,20.9,1008.32,40.96,21.4,68.3
841523749,20.9,1008.44,40.71,21.4,68.3
841523750,20.9,1008.34,41.13,21.4,68.3
841523751,20.9,1008.38,40.63,21.4,68.3
841523752,20.9,1008.39,40.13,21.4,68.3
841523753,20.9,1008.43,40.04,21.4,68.3
841523754,20.9,1008.31,39.87,21.4,68.3
841523755,20.9,1008.32,40.63,21.4,68.4
841523756,20.9,1008.44,40.13,21.4,68.4
841523757,20.9,1008.34,41.13,21.4,68.4
841523758,20.9,1008.43,40.21,21.4,68.4
841523759,20.9,1008.36,40.63,21.4,68.4
841523760,20.9,1008.39,40.04,21.4,68.3
841523761,20.9,1008.38,40.21,21.4,68.3
841523762,20.9,1008.27,41.55,21.4,68.5
841523763,20.9,1008.39,40.63,21.4,68.5
841523764,20.9,1008.31,41.46,21.4,68.5
841523765,20.9,1008.36,39.96,21.4,68.5
841523766,20.9,1008.38,39.96,21.4,68.5
841523767,21.0,1008.34,40.21,21.4,68.5
841523768,21.0,1008.35,39.87,21.4,68.5
841523769,20.9,1008.3,40.79,21.4,68.5
841523770,20.9,1008.51,40.13,21.4,68.5
841523771,20.9,1008.32,40.13,21.4,68.5
841523772,20.9,1008.44,40.63,21.4,68.5
841523773,20.9,1008.46,41.13,21.4,68.5
841523774,21.0,1008.47,40.13,21.4,68.6
841523775,21.0,1008.46,40.04,21.4,68.6
841523776,20.9,1008.38,40.04,21.4,68.6
841523777,20.9,1008.44,40.79,21.4,68.6
841523778,21.0,1008.39,40.71,21.4,68.6
841523779,21.0,1008.37,40.04,21.4,68.6
841523780,20.9,1008.35,41.13,21.4,68.6
841523781,20.9,1008.32,40.96,21.4,68.6
841523782,20.9,1008.44,39.87,21.4,68.6
841523783,20.9,1008.44,41.55,21.4,68.6
841523784,21.0,1008.33,40.88,21.4,68.6
841523785,20.9,1008.44,41.05,21.4,68.5
841523786,21.0,1008.38,41.05,21.4,68.5
841523787,20.9,1008.33,40.54,21.4,68.6
841523788,21.0,1008.38,40.88,21.4,68.6
841523789,21.0,1008.36,41.05,21.4,68.6
841523790,21.0,1008.38,40.54,21.4,68.6
841523791,21.0,1008.39,39.96,21.4,68.6
841523792,21.0,1008.47,39.71,21.4,68.6
841523793,21.0,1008.44,40.88,21.4,68.6
841523794,21.0,1008.5,39.87,21.4,68.6
841523795,21.0,1008.44,40.88,21.4,68.6
841523796,21.0,1008.39,39.54,21.4,68.6
841523797,21.0,1008.44,39.87,21.4,68.6
841523798,21.0,1008.28,40.13,21.4,68.6
841523799,21.0,1008.46,40.04,21.4,68.7
841523800,21.0,1008.44,39.71,21.4,68.7
841523801,21.0,1008.3,40.88,21.4,68.7
841523802,21.0,1008.32,40.21,21.4,68.7
841523803,21.0,1008.47,40.13,21.4,68.7
841523804,21.0,1008.44,40.04,21.4,68.7
841523805,21.0,1008.51,39.71,21.4,68.7
841523806,21.0,1008.38,41.46,21.4,68.8
841523807,21.0,1008.37,39.87,21.4,68.8
841523808,21.0,1008.35,40.71,21.4,68.8
841523809,21.0,1008.35,40.63,21.4,68.8
841523810,21.0,1008.38,39.54,21.4,68.6
841523811,21.0,1008.45,39.71,21.4,68.6
841523812,21.0,1008.34,41.55,21.4,68.6
841523813,21.0,1008.46,40.13,21.4,68.7
841523814,21.0,1008.32,41.21,21.4,68.7
841523815,21.0,1008.43,40.13,21.4,68.7
841523816,21.0,1008.35,40.13,21.4,68.7
841523817,21.0,1008.35,40.79,21.4,68.7
841523818,21.0,1008.46,40.04,21.4,68.7
841523819,21.0,1008.44,40.96,21.4,68.7
841523820,21.0,1008.44,39.87,21.4,68.7
841523821,21.0,1008.35,39.79,21.4,68.7
841523822,21.0,1008.38,40.04,21.4,68.7
841523823,21.0,1008.45,40.21,21.4,68.7
841523824,21.0,1008.36,40.13,21.4,68.7
841523825,21.0,1008.46,41.3,21.4,68.7
841523826,21.0,1008.36,41.38,21.4,68.7
841523827,21.0,1008.47,39.87,21.4,68.7
841523828,21.0,1008.37,40.54,21.4,68.7
841523829,21.0,1008.37,39.37,21.4,68.7
841523830,21.0,1008.43,40.21,21.4,68.7
841523831,21.0,1008.47,39.54,21.4,68.7
841523832,21.0,1008.39,40.54,21.4,68.7
841523833,21.0,1008.44,40.13,21.4,68.7
841523834,21.0,1008.44,40.13,21.4,68.7
841523835,21.0,1008.36,40.63,21.4,68.7
841523836,21.0,1008.39,40.21,21.4,68.7
841523837,21.0,1008.34,40.21,21.4,68.7
841523838,21.0,1008.39,39.54,21.4,68.8
841523839,21.0,1008.43,39.79,21.4,68.8
841523840,21.0,1008.44,40.21,21.4,68.8
841523841,21.0,1008.31,40.54,21.4,68.8
841523842,21.0,1008.44,41.05,21.4,68.8
841523843,21.0,1008.35,40.96,21.4,68.8
841523844,21.0,1008.38,40.13,21.4,68.8
841523845,21.0,1008.44,40.88,21.4,68.9
841523846,21.0,1008.38,40.04,21.4,68.9
841523847,21.0,1008.43,40.79,21.4,68.8
841523848,21.0,1008.49,39.79,21.4,68.8
841523849,21.0,1008.45,39.79,21.4,68.8
841523850,21.0,1008.34,40.63,21.4,68.8
841523851,21.0,1008.47,40.71,21.4,68.8
841523852,21.0,1008.44,39.87,21.4,68.8
841523853,21.0,1008.44,39.37,21.4,68.8
841523854,21.0,1008.38,39.29,21.4,68.8
841523855,21.0,1008.38,40.13,21.4,68.8
841523856,21.0,1008.38,40.13,21.4,68.8
841523857,21.0,1008.38,39.87,21.4,68.8
841523858,21.0,1008.43,40.96,21.4,68.7
841523859,21.0,1008.44,39.96,21.4,68.7
841523860,21.0,1008.49,39.37,21.4,68.7
841523861,21.0,1008.44,39.79,21.4,68.8
841523862,21.0,1008.36,40.71,21.4,68.8
841523863,21.0,1008.47,39.87,21.4,68.7
841523864,21.0,1008.44,40.88,21.4,68.7
841523865,21.0,1008.47,39.62,21.4,68.8
841523866,21.0,1008.48,39.71,21.4,68.8
841523867,21.0,1008.44,40.21,21.4,68.7
841523868,21.0,1008.35,40.88,21.4,68.7
841523869,21.1,1008.33,40.71,21.4,68.7
841523870,21.1,1008.29,39.71,21.4,68.7
841523871,21.1,1008.37,40.63,21.4,68.7
841523872,21.1,1008.5,39.87,21.4,68.8
841523873,21.1,1008.39,40.54,21.4,68.8
841523874,21.1,1008.45,40.21,21.4,68.8
841523875,21.1,1008.36,41.21,21.4,68.8
841523876,21.1,1008.45,40.13,21.4,68.8
841523877,21.1,1008.45,40.04,21.4,68.9
841523878,21.1,1008.44,41.46,21.4,68.9
841523879,21.1,1008.28,40.96,21.4,68.9
841523880,21.1,1008.46,40.54,21.4,68.9
841523881,21.1,1008.44,40.63,21.5,68.8
841523882,21.1,1008.36,40.13,21.5,68.8
841523883,21.1,1008.35,40.13,21.4,68.8
841523884,21.1,1008.38,41.21,21.4,68.8
841523885,21.1,1008.39,40.79,21.4,68.8
841523886,21.1,1008.3,41.21,21.4,68.7
841523887,21.1,1008.44,40.04,21.4,68.7
841523888,21.1,1008.47,40.21,21.4,68.9
841523889,21.1,1008.37,40.04,21.4,68.9
841523890,21.1,1008.44,39.71,21.5,69.1
841523891,21.1,1008.44,40.71,21.5,69.1
841523892,21.1,1008.39,39.62,21.5,69.1
841523893,21.1,1008.43,40.13,21.5,69.1
841523894,21.1,1008.37,40.13,21.5,69.1
841523895,21.1,1008.44,41.05,21.5,69.1
841523896,21.1,1008.36,40.21,21.5,69.1
841523897,21.1,1008.32,40.96,21.5,69.1
841523898,21.1,1008.33,40.13,21.5,69.1
841523899,21.1,1008.39,40.13,21.5,69.1
841523900,21.1,1008.45,39.96,21.5,69.1
841523901,21.1,1008.34,41.46,21.5,69.1
841523902,21.1,1008.32,41.38,21.5,69.0
841523903,21.1,1008.39,40.54,21.5,69.0
841523904,21.1,1008.37,40.88,21.5,68.9
841523905,21.1,1008.34,40.71,21.5,68.9
841523906,21.1,1008.38,40.88,21.5,68.9
841523907,21.1,1008.39,39.54,21.5,68.9
841523908,21.1,1008.37,41.71,21.5,68.9
841523909,21.1,1008.36,39.79,21.5,68.9
841523910,21.1,1008.34,41.05,21.5,68.9
841523911,21.1,1008.22,41.71,21.5,68.8
841523912,21.1,1008.33,40.54,21.5,68.8
841523913,21.1,1008.24,41.21,21.5,68.8
841523914,21.1,1008.34,40.13,21.5,68.8
841523915,21.1,1008.34,40.96,21.5,68.7
841523916,21.1,1008.44,41.46,21.5,68.7
841523917,21.1,1008.34,40.21,21.5,68.7
841523918,21.1,1008.35,41.05,21.5,68.7
841523919,21.1,1008.36,40.04,21.5,68.7
841523920,21.1,1008.32,40.88,21.5,68.6
841523921,21.1,1008.37,40.04,21.5,68.6
841523922,21.1,1008.26,41.05,21.5,68.6
841523923,21.1,1008.33,41.21,21.5,68.6
841523924,21.1,1008.31,40.88,21.5,68.6
841523925,21.1,1008.39,39.29,21.5,68.6
841523926,21.1,1008.46,39.62,21.5,68.6
841523927,21.1,1008.45,40.13,21.5,68.5
841523928,21.1,1008.39,39.79,21.5,68.5
841523929,21.1,1008.34,40.54,21.5,68.4
841523930,21.1,1008.39,40.21,21.5,68.4
841523931,21.1,1008.32,39.62,21.5,68.4
841523932,21.1,1008.39,40.13,21.5,68.4
841523933,21.1,1008.44,40.21,21.5,68.4
841523934,21.1,1008.3,40.63,21.5,68.4
841523935,21.1,1008.45,40.04,21.5,68.4
841523936,21.1,1008.47,40.63,21.5,68.3
841523937,21.1,1008.35,40.21,21.5,68.3
841523938,21.1,1008.36,40.79,21.5,68.4
841523939,21.1,1008.35,41.13,21.5,68.4
841523940,21.2,1008.44,40.54,21.5,68.4
841523941,21.1,1008.44,39.87,21.5,68.3
841523942,21.1,1008.26,41.05,21.5,68.3
841523943,21.1,1008.38,41.3,21.6,68.3
841523944,21.1,1008.44,39.96,21.6,68.3
841523945,21.1,1008.25,40.04,21.5,68.3
841523946,21.1,1008.33,40.21,21.5,68.3
841523947,21.1,1008.5,40.13,21.5,68.3
841523948,21.1,1008.48,39.87,21.5,68.3
841523949,21.1,1008.39,40.13,21.5,68.3
841523950,21.1,1008.38,39.62,21.6,68.2
841523951,21.1,1008.34,40.88,21.6,68.2
841523952,21.1,1008.34,40.63,21.5,68.2
841523953,21.1,1008.37,40.79,21.5,68.2
841523954,21.1,1008.31,40.63,21.5,68.2
841523955,21.1,1008.45,40.63,21.5,68.2
841523956,21.1,1008.44,39.87,21.5,68.2
841523957,21.1,1008.43,40.71,21.5,68.2
841523958,21.1,1008.47,40.13,21.5,68.2
841523959,21.1,1008.51,39.46,21.5,68.2
841523960,21.1,1008.35,41.21,21.5,68.2
841523961,21.1,1008.45,40.63,21.5,68.1
841523962,21.1,1008.44,40.79,21.5,68.1
841523963,21.1,1008.37,40.21,21.5,68.1
841523964,21.1,1008.46,39.87,21.5,68.1
841523965,21.1,1008.35,39.79,21.5,68.1
841523966,21.1,1008.43,39.79,21.6,68.1
841523967,21.1,1008.45,40.63,21.6,68.1
841523968,21.1,1008.47,39.79,21.5,68.1
841523969,21.1,1008.47,40.79,21.5,68.1
841523970,21.1,1008.32,40.79,21.5,68.1
841523971,21.1,1008.3,40.13,21.5,68.1
841523972,21.2,1008.43,40.04,21.5,68.1
841523973,21.1,1008.37,40.21,21.5,68.1
841523974,21.2,1008.38,40.13,21.5,68.1
841523975,21.1,1008.43,39.87,21.5,68.1
841523976,21.1,1008.39,40.21,21.5,68.1
841523977,21.2,1008.43,40.63,21.6,68.1
841523978,21.2,1008.37,40.04,21.6,68.1
841523979,21.2,1008.39,40.21,21.6,68.1
841523980,21.1,1008.45,40.04,21.6,68.1
841523981,21.1,1008.46,40.21,21.6,68.1
841523982,21.1,1008.48,39.79,21.6,68.1
841523983,21.2,1008.39,40.63,21.6,68.1
841523984,21.1,1008.43,40.13,21.6,68.1
841523985,21.1,1008.43,40.54,21.6,68.1
841523986,21.1,1008.44,40.21,21.6,68.1
841523987,21.1,1008.54,40.04,21.6,68.1
841523988,21.2,1008.45,39.96,21.6,68.1
841523989,21.1,1008.36,40.13,21.6,68.0
841523990,21.1,1008.45,41.13,21.6,68.0
841523991,21.1,1008.43,40.88,21.6,68.0
841523992,21.1,1008.44,40.79,21.6,68.0
841523993,21.1,1008.53,39.46,21.6,68.0
841523994,21.1,1008.48,39.79,21.6,68.0
841523995,21.1,1008.46,40.21,21.6,67.9
841523996,21.1,1008.37,40.13,21.6,67.9
841523997,21.1,1008.44,40.88,21.6,67.9
841523998,21.1,1008.39,40.13,21.6,67.9
841523999,21.2,1008.44,39.87,21.6,67.9
841524000,21.1,1008.52,39.54,21.7,67.9
841524001,21.1,1008.47,39.54,21.7,67.9
841524002,21.2,1008.39,39.96,21.7,67.9
841524003,21.1,1008.51,39.87,21.7,67.9
841524004,21.2,1008.47,39.79,21.7,67.9
841524005,21.1,1008.5,40.04,21.7,67.8
841524006,21.1,1008.48,39.46,21.7,67.8
841524007,21.1,1008.47,39.62,21.7,67.8
841524008,21.1,1008.36,40.79,21.7,67.8
841524009,21.1,1008.43,40.79,21.7,67.8
841524010,21.1,1008.44,39.79,21.7,67.8
841524011,21.1,1008.38,39.79,21.7,67.7
841524012,21.1,1008.32,40.71,21.7,67.7
841524013,21.1,1008.39,40.04,21.7,67.7
841524014,21.2,1008.39,40.13,21.7,67.7
841524015,21.1,1008.44,40.63,21.7,67.7
841524016,21.1,1008.51,40.13,21.7,67.7
841524017,21.1,1008.39,40.63,21.7,67.7
841524018,21.1,1008.48,39.54,21.7,67.7
841524019,21.1,1008.48,39.62,21.7,67.7
841524020,21.1,1008.44,40.71,21.7,67.7
841524021,21.1,1008.33,40.13,21.7,67.7
841524022,21.2,1008.34,40.04,21.7,67.7
841524023,21.2,1008.37,41.38,21.7,67.9
841524024,21.2,1008.43,40.13,21.7,67.9
841524025,21.1,1008.48,39.54,21.7,68.0
841524026,21.1,1008.48,39.96,21.7,68.0
841524027,21.2,1008.45,40.21,21.8,68.0
841524028,21.1,1008.43,41.13,21.8,68.0
841524029,21.1,1008.49,40.21,21.8,68.0
841524030,21.1,1008.45,40.13,21.8,68.0
841524031,21.2,1008.25,41.46,21.8,68.0
841524032,21.1,1008.37,40.21,21.8,67.9
841524033,21.1,1008.49,40.13,21.8,67.9
841524034,21.2,1008.47,39.79,21.8,67.9
841524035,21.1,1008.35,40.96,21.8,67.9
841524036,21.1,1008.5,39.21,21.8,67.9
841524037,21.1,1008.45,39.62,21.8,67.7
841524038,21.1,1008.53,39.79,21.8,67.7
841524039,21.1,1008.44,40.54,21.8,67.6
841524040,21.1,1008.45,40.54,21.8,67.6
841524041,21.1,1008.29,40.63,21.8,67.6
841524042,21.1,1008.46,39.79,21.8,67.6
841524043,21.1,1008.48,40.54,21.9,67.6
841524044,21.1,1008.38,40.04,21.9,67.6
841524045,21.1,1008.53,39.87,21.9,67.6
841524046,21.1,1008.48,40.21,21.9,67.6
841524047,21.1,1008.5,39.71,21.9,67.6
841524048,21.1,1008.43,39.96,21.9,67.5
841524049,21.1,1008.43,39.96,21.9,67.5
841524050,21.1,1008.54,39.87,21.9,67.4
841524051,21.1,1008.44,40.63,21.9,67.4
841524052,21.1,1008.45,40.13,21.9,67.4
841524053,21.1,1008.47,40.79,21.9,67.4
841524054,21.2,1008.44,39.79,21.9,67.4
841524055,21.2,1008.47,39.62,21.9,67.4
841524056,21.2,1008.46,40.04,21.9,67.4
841524057,21.2,1008.44,39.87,21.9,67.4
841524058,21.2,1008.49,39.79,21.9,67.4
841524059,21.2,1008.39,39.96,21.9,67.3
841524060,21.2,1008.44,40.21,21.9,67.3
841524061,21.2,1008.46,39.87,21.9,67.3
841524062,21.2,1008.43,40.21,21.9,67.2
841524063,21.1,1008.44,39.54,21.9,67.2
841524064,21.1,1008.48,40.13,21.9,67.3
841524065,21.1,1008.43,40.13,21.9,67.3
841524066,21.1,1008.33,41.13,21.9,67.2
841524067,21.1,1008.35,41.05,21.9,67.2
841524068,21.2,1008.49,39.79,21.9,67.2
841524069,21.2,1008.48,39.79,21.9,67.2
841524070,21.1,1008.51,39.79,21.9,67.2
841524071,21.1,1008.53,39.87,21.9,67.2
841524072,21.2,1008.5,40.21,21.9,67.2
841524073,21.1,1008.5,40.21,21.9,67.1
841524074,21.1,1008.5,39.37,21.9,67.1
841524077,21.1,1008.5,39.87,21.9,67.1
841524077,21.1,1008.47,39.37,21.9,67.1
841524077,21.2,1008.46,39.87,21.9,67.1
841524078,21.1,1008.44,39.87,21.9,67.1
841524079,21.1,1008.35,41.13,21.9,67.1
841524080,21.1,1008.52,39.71,21.9,67.1
841524081,21.2,1008.5,39.46,21.9,67.1
841524082,21.1,1008.48,39.79,21.9,67.0
841524083,21.1,1008.47,39.62,21.9,67.0
841524084,21.2,1008.43,40.04,21.9,67.0
841524085,21.2,1008.38,41.05,21.9,67.0
841524086,21.2,1008.38,40.13,21.9,67.0
841524087,21.1,1008.34,40.21,21.9,67.0
841524088,21.2,1008.46,39.54,21.9,67.0
841524089,21.2,1008.43,41.05,21.9,67.0
841524090,21.2,1008.43,40.04,21.9,67.0
841524091,21.2,1008.5,39.79,21.9,67.0
841524092,21.2,1008.46,39.62,21.9,67.0
841524093,21.2,1008.43,40.04,21.9,67.0
841524094,21.2,1008.38,39.21,21.9,66.9
841524095,21.2,1008.43,39.79,21.9,66.9
841524096,21.2,1008.39,39.87,21.9,66.9
841524097,21.2,1008.47,41.21,21.9,66.9
841524098,21.2,1008.39,40.88,21.9,66.9
841524099,21.2,1008.45,39.46,21.9,66.9
841524100,21.2,1008.43,40.13,21.9,66.9
841524101,21.2,1008.36,40.88,21.9,66.9
841524103,21.2,1008.44,39.79,21.9,66.9
841524103,21.2,1008.33,40.21,21.9,66.9
841524104,21.2,1008.44,40.04,21.9,66.9
841524105,21.2,1008.38,40.88,22.0,66.9
841524106,21.2,1008.44,40.21,22.0,66.9
841524107,21.2,1008.36,40.71,22.0,66.8
841524108,21.2,1008.5,40.13,22.0,66.8
841524109,21.2,1008.45,39.87,22.0,66.8
841524110,21.2,1008.35,40.88,22.0,66.8
841524111,21.2,1008.3,41.3,22.0,66.8
841524112,21.2,1008.44,40.21,22.0,66.8
841524113,21.2,1008.44,39.71,22.0,66.8
841524114,21.2,1008.37,40.21,22.0,66.8
841524115,21.2,1008.32,40.21,22.0,66.8
841524116,21.2,1008.36,40.54,22.0,66.8
841524117,21.2,1008.44,39.79,22.0,66.8
841524118,21.2,1008.43,39.71,22.0,66.8
841524119,21.2,1008.47,40.13,22.0,66.7
841524120,21.2,1008.44,39.46,22.0,66.7
841524121,21.2,1008.45,39.87,22.0,66.7
841524122,21.2,1008.44,39.54,22.0,66.7
841524124,21.2,1008.33,40.04,22.0,66.7
841524124,21.2,1008.45,39.96,22.0,66.7
841524125,21.2,1008.44,39.96,22.0,66.7
841524126,21.2,1008.48,39.96,22.0,66.6
841524127,21.2,1008.51,39.79,22.0,66.6
841524128,21.2,1008.47,39.96,22.0,66.7
841524129,21.2,1008.53,39.37,22.0,66.7
841524130,21.2,1008.54,40.13,22.0,66.6
841524131,21.2,1008.5,39.62,22.0,66.6
841524132,21.2,1008.38,39.96,22.0,66.6
841524133,21.2,1008.45,40.21,22.0,66.6
841524134,21.2,1008.5,40.04,22.0,66.6
841524135,21.2,1008.38,40.54,22.0,66.5
841524136,21.2,1008.5,40.88,22.0,66.5
841524137,21.2,1008.39,40.13,22.0,66.6
841524138,21.2,1008.43,40.04,22.0,66.6
841524139,21.2,1008.35,40.54,22.0,66.6
841524140,21.2,1008.34,40.04,22.0,66.6
841524141,21.2,1008.43,39.79,22.0,66.6
841524142,21.2,1008.43,40.71,22.0,66.5
841524143,21.2,1008.38,40.13,22.0,66.5
841524144,21.2,1008.44,39.87,22.0,66.5
841524145,21.2,1008.43,40.13,22.0,66.5
841524146,21.2,1008.5,40.13,22.0,66.5
841524147,21.2,1008.49,38.87,22.0,66.5
841524148,21.2,1008.48,39.71,22.0,66.5
841524149,21.2,1008.49,39.46,22.0,66.5
841524150,21.2,1008.53,39.71,22.0,66.5
841524151,21.2,1008.44,39.62,22.0,66.4
841524152,21.2,1008.33,39.87,22.0,66.4
841524153,21.2,1008.46,40.71,22.0,66.5
841524154,21.2,1008.54,40.04,22.0,66.5
841524155,21.2,1008.38,40.21,22.0,66.5
841524158,21.2,1008.49,40.13,22.0,66.5
841524158,21.2,1008.51,39.71,22.0,66.5
841524158,21.2,1008.5,40.21,22.0,66.5
841524159,21.2,1008.53,40.13,22.0,66.5
841524160,21.2,1008.38,40.21,22.0,66.5
841524161,21.2,1008.44,39.71,22.0,66.5
841524162,21.2,1008.38,39.46,22.0,66.5
841524163,21.2,1008.49,39.96,22.0,66.5
841524164,21.2,1008.44,39.87,22.0,66.5
841524165,21.2,1008.44,39.96,22.0,66.5
841524166,21.2,1008.39,39.62,22.0,66.5
841524167,21.2,1008.33,40.21,22.0,66.5
841524168,21.2,1008.44,39.71,22.0,66.5
841524169,21.2,1008.38,39.87,22.0,66.4
841524170,21.2,1008.48,39.54,22.0,66.4
841524171,21.2,1008.49,39.54,22.0,66.4
841524172,21.2,1008.43,40.88,22.0,66.4
841524173,21.2,1008.49,39.96,22.0,66.4
841524174,21.2,1008.39,40.63,22.0,66.5
841524175,21.2,1008.36,40.71,22.0,66.5
841524176,21.2,1008.44,39.87,22.0,66.6
841524177,21.2,1008.52,39.29,22.0,66.6
841524178,21.2,1008.36,39.46,22.0,66.5
841524179,21.2,1008.5,39.46,22.0,66.5
841524180,21.2,1008.49,39.04,22.0,66.5
841524181,21.2,1008.46,39.54,22.0,66.6
841524182,21.2,1008.53,39.79,22.0,66.6
841524183,21.2,1008.47,39.37,22.0,66.6
841524184,21.2,1008.38,39.37,22.0,66.6
841524185,21.2,1008.48,39.29,22.0,66.6
841524186,21.2,1008.49,39.29,22.0,66.6
841524187,21.2,1008.29,40.88,22.0,66.6
841524188,21.2,1008.51,39.79,22.0,66.6
841524189,21.2,1008.53,40.54,22.0,66.6
841524190,21.2,1008.39,39.62,22.0,66.6
841524191,21.2,1008.45,39.12,22.0,66.6
841524192,21.2,1008.47,39.87,22.0,66.5
841524193,21.2,1008.51,39.62,22.0,66.5
841524194,21.2,1008.44,40.13,22.0,66.6
841524195,21.2,1008.44,39.71,22.0,66.6
841524196,21.2,1008.32,39.71,22.0,66.6
841524197,21.2,1008.51,40.13,22.0,66.5
841524198,21.2,1008.49,39.87,22.0,66.5
841524199,21.2,1008.48,40.21,22.0,66.5
841524200,21.2,1008.51,39.71,22.0,66.5
841524201,21.2,1008.43,39.96,22.1,66.6
841524202,21.2,1008.51,40.13,22.1,66.6
841524203,21.2,1008.5,40.13,22.1,66.5
841524204,21.2,1008.44,40.04,22.1,66.5
841524205,21.2,1008.39,39.87,22.1,66.5
841524206,21.2,1008.5,39.46,22.1,66.5
841524207,21.2,1008.55,38.96,22.1,66.5
841524208,21.2,1008.52,39.54,22.1,66.5
841524209,21.2,1008.47,38.62,22.1,66.5
841524210,21.2,1008.54,38.96,22.1,66.5
841524211,21.2,1008.56,38.87,22.1,66.5
841524212,21.2,1008.54,39.12,22.1,66.5
841524213,21.2,1008.43,40.13,22.1,66.5
841524214,21.2,1008.56,39.29,22.1,66.5
841524215,21.2,1008.43,40.71,22.1,66.6
841524216,21.2,1008.54,39.46,22.1,66.6
841524217,21.2,1008.55,39.62,22.1,66.5
841524218,21.2,1008.56,38.7,22.1,66.5
841524219,21.2,1008.44,39.46,22.1,66.6
841524220,21.2,1008.55,39.21,22.1,66.6
841524221,21.2,1008.58,39.12,22.1,66.6
841524222,21.2,1008.53,39.62,22.1,66.6
841524223,21.2,1008.57,39.62,22.1,66.6
841524224,21.2,1008.57,39.71,22.2,66.5
841524225,21.2,1008.56,39.37,22.2,66.5
841524226,21.2,1008.45,39.71,22.2,66.5
841524227,21.2,1008.57,39.71,22.2,66.5
841524228,21.2,1008.51,39.46,22.2,66.5
841524229,21.2,1008.5,39.29,22.2,66.4
841524230,21.2,1008.46,40.13,22.2,66.4
841524231,21.2,1008.5,39.79,22.2,66.4
841524232,21.2,1008.49,39.54,22.2,66.4
841524233,21.2,1008.5,39.71,22.3,66.4
841524234,21.3,1008.46,39.79,22.3,66.4
841524235,21.3,1008.52,39.46,22.3,66.4
841524236,21.2,1008.48,39.87,22.3,66.4
841524237,21.3,1008.56,38.87,22.3,66.4
841524238,21.3,1008.43,39.87,22.3,66.3
841524239,21.3,1008.47,39.62,22.3,66.3
841524240,21.3,1008.47,39.79,22.4,66.3
841524241,21.3,1008.53,39.54,22.4,66.3
841524242,21.3,1008.44,40.04,22.4,66.2
841524243,21.3,1008.53,39.96,22.4,66.2
841524244,21.3,1008.5,39.79,22.4,66.2
841524245,21.3,1008.52,39.21,22.5,66.1
841524246,21.3,1008.43,40.79,22.5,66.1
841524247,21.3,1008.48,38.96,22.5,66.0
841524248,21.3,1008.46,39.54,22.5,66.0
841524249,21.3,1008.48,39.29,22.5,65.9
841524250,21.3,1008.46,39.71,22.5,65.9
841524251,21.3,1008.51,40.13,22.5,65.8
841524252,21.3,1008.51,39.04,22.5,65.8
841524253,21.3,1008.47,39.96,22.5,65.8
841524254,21.3,1008.52,39.46,22.6,65.7
841524255,21.3,1008.52,39.04,22.6,65.7
841524256,21.3,1008.54,39.46,22.6,65.6
841524257,21.3,1008.52,39.04,22.6,65.6
841524258,21.3,1008.45,39.21,22.6,65.5
841524259,21.3,1008.34,39.46,22.6,65.5
841524260,21.3,1008.44,40.13,22.6,65.5
841524261,21.3,1008.55,39.37,22.7,65.4
841524262,21.3,1008.58,39.87,22.7,65.4
841524263,21.3,1008.58,38.79,22.7,65.3
841524264,21.3,1008.5,39.96,22.7,65.3
841524265,21.3,1008.57,40.13,22.7,65.3
841524266,21.3,1008.54,39.04,22.7,65.3
841524267,21.4,1008.53,39.04,22.7,65.3
841524268,21.4,1008.51,39.87,22.7,65.3
841524269,21.3,1008.58,38.96,22.7,65.3
841524270,21.3,1008.55,38.87,22.7,65.2
841524271,21.4,1008.39,40.21,22.7,65.2
841524272,21.4,1008.52,41.05,22.7,65.0
841524273,21.4,1008.46,40.71,22.7,65.0
841524274,21.4,1008.5,39.87,22.8,65.0
841524275,21.3,1008.52,40.04,22.8,65.0
841524276,21.4,1008.51,39.04,22.8,65.0
841524277,21.4,1008.54,39.87,22.8,64.9
841524278,21.4,1008.55,39.54,22.8,64.9
841524279,21.4,1008.33,40.13,22.8,64.7
841524280,21.4,1008.44,39.71,22.8,64.7
841524281,21.4,1008.49,40.04,22.8,64.7
841524282,21.3,1008.52,39.46,22.8,64.7
841524283,21.4,1008.56,39.37,22.8,64.6
841524284,21.3,1008.51,39.54,22.8,64.6
841524285,21.3,1008.5,39.29,22.8,64.6
841524286,21.4,1008.47,39.29,22.8,64.6
841524287,21.4,1008.49,39.46,22.8,64.6
841524288,21.4,1008.47,40.13,22.8,64.5
841524289,21.4,1008.49,39.87,22.8,64.5
841524290,21.3,1008.5,39.54,22.8,64.4
841524291,21.4,1008.5,39.04,22.8,64.4
841524292,21.4,1008.55,39.46,22.8,64.4
841524293,21.3,1008.56,39.12,22.8,64.4
841524294,21.4,1008.5,39.87,22.8,64.4
841524295,21.4,1008.52,38.7,22.8,64.3
841524296,21.3,1008.52,39.29,22.8,64.3
841524297,21.3,1008.5,39.46,22.8,64.3
841524298,21.4,1008.5,39.96,22.8,64.3
841524299,21.3,1008.52,39.87,22.7,64.3
841524300,21.3,1008.56,39.12,22.7,64.3
841524301,21.4,1008.57,39.04,22.7,64.3
841524302,21.4,1008.51,39.46,22.8,64.2
841524303,21.4,1008.46,40.21,22.8,64.2
841524304,21.4,1008.53,39.79,22.7,64.2
841524305,21.3,1008.45,39.37,22.7,64.2
841524306,21.4,1008.44,39.71,22.7,64.3
841524307,21.4,1008.5,39.54,22.7,64.3
841524308,21.4,1008.5,38.96,22.7,64.3
841524309,21.3,1008.45,39.54,22.7,64.4
841524310,21.4,1008.52,39.29,22.7,64.4
841524311,21.4,1008.39,38.79,22.7,64.5
841524312,21.4,1008.49,39.71,22.7,64.5
841524313,21.4,1008.47,38.87,22.7,64.7
841524314,21.4,1008.56,39.62,22.7,64.7
841524315,21.4,1008.56,39.12,22.7,64.7
841524316,21.4,1008.57,39.12,22.7,64.7
841524317,21.4,1008.58,39.21,22.7,64.7
841524318,21.4,1008.53,40.13,22.7,64.7
841524319,21.4,1008.56,39.37,22.7,64.7
841524320,21.4,1008.5,39.12,22.7,64.7
841524321,21.4,1008.43,38.87,22.7,64.7
841524322,21.4,1008.55,39.04,22.7,64.6
841524323,21.4,1008.56,39.54,22.7,64.6
841524324,21.4,1008.56,39.04,22.7,64.6
841524325,21.4,1008.59,38.79,22.7,64.6
841524326,21.4,1008.58,39.29,22.7,64.6
841524327,21.4,1008.56,39.54,22.7,64.6
841524328,21.4,1008.5,39.37,22.7,64.6
841524329,21.4,1008.54,38.96,22.7,64.6
841524330,21.4,1008.55,38.79,22.7,64.6
841524331,21.4,1008.5,39.29,22.7,64.7
841524332,21.4,1008.53,39.12,22.7,64.7
841524333,21.4,1008.57,38.54,22.7,64.7
841524334,21.4,1008.5,39.62,22.7,64.6
841524335,21.4,1008.49,39.04,22.7,64.6
841524336,21.4,1008.48,39.71,22.7,64.6
841524337,21.4,1008.6,39.04,22.7,64.6
841524338,21.4,1008.54,39.12,22.7,64.6
841524339,21.4,1008.59,38.87,22.7,64.6
841524340,21.4,1008.53,39.37,22.7,64.6
841524341,21.4,1008.6,39.29,22.6,64.6
841524342,21.4,1008.56,39.37,22.6,64.6
841524343,21.4,1008.55,39.21,22.6,64.6
841524344,21.4,1008.51,39.12,22.6,64.6
841524345,21.4,1008.55,39.37,22.7,64.6
841524346,21.4,1008.51,39.54,22.7,64.6
841524347,21.4,1008.46,39.71,22.6,64.5
841524348,21.4,1008.58,39.54,22.6,64.5
841524349,21.4,1008.54,39.62,22.6,64.5
841524350,21.4,1008.47,39.71,22.6,64.5
841524351,21.4,1008.57,39.04,22.6,64.5
841524352,21.4,1008.54,39.12,22.6,64.5
841524353,21.4,1008.57,39.54,22.6,64.5
841524354,21.4,1008.56,39.04,22.6,64.5
841524355,21.4,1008.54,38.54,22.6,64.5
841524356,21.4,1008.39,39.04,22.6,64.5
841524357,21.4,1008.58,39.62,22.6,64.5
841524358,21.4,1008.56,38.96,22.6,64.5
841524359,21.4,1008.5,39.04,22.6,64.5
841524360,21.4,1008.6,39.12,22.6,64.5
841524361,21.4,1008.55,38.87,22.6,64.4
841524362,21.4,1008.52,40.71,22.6,64.4
841524363,21.4,1008.54,38.79,22.6,64.5
841524364,21.4,1008.51,39.96,22.6,64.5
841524365,21.4,1008.56,39.04,22.6,64.5
841524366,21.4,1008.59,39.46,22.5,64.5
841524367,21.4,1008.5,39.37,22.5,64.5
841524368,21.4,1008.49,38.7,22.5,64.6
841524369,21.4,1008.6,39.21,22.5,64.6
841524370,21.4,1008.46,39.29,22.5,64.7
841524371,21.4,1008.57,39.12,22.5,64.7
841524372,21.4,1008.56,39.21,22.5,64.7
841524373,21.4,1008.61,39.04,22.5,64.9
841524374,21.4,1008.53,39.12,22.5,64.9
841524375,21.4,1008.53,39.62,22.5,65.2
841524376,21.4,1008.54,39.46,22.5,65.2
841524377,21.4,1008.57,39.29,22.5,65.2
841524378,21.4,1008.51,39.54,22.5,65.2
841524379,21.4,1008.56,38.7,22.5,65.3
841524380,21.4,1008.55,40.04,22.5,65.3
841524381,21.4,1008.56,38.96,22.5,65.3
841524382,21.4,1008.58,39.12,22.5,65.3
841524383,21.4,1008.5,39.96,22.5,65.3
841524384,21.4,1008.55,39.37,22.5,65.4
841524385,21.4,1008.47,40.13,22.5,65.4
841524386,21.4,1008.57,39.21,22.5,65.4
841524387,21.4,1008.47,39.12,22.5,65.4
841524388,21.4,1008.52,39.71,22.5,65.4
841524389,21.4,1008.55,39.37,22.5,65.5
841524390,21.4,1008.56,39.12,22.5,65.5
841524391,21.4,1008.56,38.79,22.5,65.6
841524392,21.4,1008.53,39.79,22.5,65.6
841524393,21.4,1008.54,39.37,22.5,65.6
841524394,21.4,1008.39,39.87,22.5,65.6
841524395,21.4,1008.56,38.29,22.5,65.5
841524396,21.4,1008.49,40.13,22.5,65.5
841524397,21.4,1008.51,38.54,22.5,65.5
841524398,21.4,1008.46,40.21,22.5,65.5
841524399,21.4,1008.62,38.79,22.5,65.5
841524400,21.4,1008.56,39.04,22.5,65.5
841524401,21.4,1008.59,38.96,22.5,65.5
841524402,21.4,1008.56,39.37,22.5,65.5
841524403,21.4,1008.48,39.12,22.5,65.5
841524404,21.4,1008.58,39.04,22.5,65.5
841524405,21.4,1008.52,39.21,22.6,65.6
841524406,21.4,1008.56,38.62,22.6,65.6
841524407,21.4,1008.52,39.29,22.6,65.7
841524408,21.4,1008.53,39.46,22.6,65.7
841524409,21.4,1008.58,38.79,22.6,65.7
841524410,21.4,1008.6,39.71,22.6,65.7
841524411,21.4,1008.47,39.04,22.6,65.6
841524412,21.4,1008.51,38.62,22.6,65.6
841524413,21.4,1008.44,40.04,22.6,65.6
841524414,21.4,1008.49,39.46,22.7,65.6
841524415,21.4,1008.52,38.96,22.7,65.6
841524416,21.4,1008.55,38.62,22.7,65.6
841524417,21.4,1008.45,39.54,22.7,65.6
841524418,21.4,1008.66,39.37,22.7,65.6
841524419,21.4,1008.55,38.79,22.7,65.6
841524420,21.4,1008.52,39.04,22.7,65.6
841524421,21.4,1008.5,39.62,22.7,65.6
841524422,21.4,1008.49,39.96,22.7,65.6
841524423,21.4,1008.47,39.46,22.7,65.4
841524424,21.4,1008.61,39.62,22.7,65.4
841524425,21.4,1008.56,38.96,22.8,65.3
841524426,21.4,1008.57,38.7,22.8,65.3
841524427,21.4,1008.64,38.7,22.8,65.2
841524428,21.4,1008.66,38.79,22.8,65.2
841524429,21.4,1008.59,38.29,22.8,65.2
841524430,21.4,1008.57,38.79,22.8,65.1
841524431,21.4,1008.52,38.87,22.8,65.1
841524432,21.4,1008.62,38.62,22.8,64.9
841524433,21.4,1008.55,40.04,22.8,64.9
841524434,21.4,1008.61,38.62,22.8,64.8
841524435,21.4,1008.56,39.71,22.8,64.8
841524436,21.4,1008.49,39.46,22.8,64.8
841524437,21.4,1008.55,38.87,22.9,64.7
841524438,21.4,1008.54,39.04,22.9,64.7
841524439,21.4,1008.51,39.54,22.9,64.6
841524440,21.4,1008.64,38.45,22.9,64.6
841524441,21.4,1008.56,39.04,22.9,64.5
841524442,21.4,1008.59,39.29,22.9,64.5
841524443,21.4,1008.52,38.79,22.9,64.5
841524444,21.4,1008.55,38.62,22.9,64.5
841524445,21.4,1008.61,39.04,22.9,64.5
841524446,21.4,1008.63,39.04,22.9,64.4
841524447,21.4,1008.66,38.29,22.9,64.4
841524448,21.4,1008.56,38.45,23.0,64.3
841524449,21.4,1008.5,39.12,23.0,64.3
841524450,21.4,1008.62,38.7,23.0,64.2
841524451,21.4,1008.56,38.87,23.0,64.2
841524452,21.4,1008.54,38.79,23.0,64.2
841524453,21.4,1008.5,39.04,23.0,64.2
841524454,21.4,1008.6,38.87,23.0,64.2
841524455,21.4,1008.52,39.96,23.0,64.2
841524456,21.4,1008.57,39.12,23.0,64.2
841524458,21.4,1008.51,38.62,23.1,64.1
841524458,21.4,1008.48,39.37,23.1,64.1
841524459,21.4,1008.63,38.62,23.1,64.0
841524460,21.4,1008.59,38.87,23.1,64.0
841524461,21.4,1008.49,39.12,23.1,64.0
841524463,21.4,1008.55,39.04,23.1,64.0
841524463,21.4,1008.56,38.79,23.1,64.0
841524464,21.4,1008.62,39.96,23.1,63.9
841524465,21.4,1008.57,38.54,23.1,63.9
841524467,21.4,1008.57,39.12,23.2,63.8
841524467,21.4,1008.6,38.54,23.2,63.8
841524468,21.4,1008.54,39.04,23.2,63.8
841524469,21.4,1008.5,38.29,23.2,63.6
841524470,21.4,1008.6,38.7,23.2,63.6
841524472,21.4,1008.53,39.54,23.2,63.5
841524472,21.4,1008.52,39.46,23.2,63.5
841524473,21.4,1008.63,38.7,23.2,63.4
841524474,21.4,1008.5,39.04,23.2,63.4
841524476,21.4,1008.62,38.79,23.3,63.3
841524476,21.4,1008.61,39.54,23.3,63.3
841524477,21.4,1008.6,38.79,23.3,63.3
841524478,21.4,1008.59,39.87,23.3,63.3
841524479,21.4,1008.52,39.87,23.3,63.3
841524481,21.4,1008.59,38.7,23.3,63.1
841524481,21.4,1008.63,38.54,23.3,63.1
841524482,21.4,1008.63,38.79,23.4,63.1
841524483,21.4,1008.56,39.12,23.4,63.1
841524485,21.4,1008.51,38.54,23.4,63.1
841524485,21.4,1008.57,38.54,23.4,62.9
841524486,21.4,1008.57,38.79,23.4,62.9
841524487,21.4,1008.5,39.71,23.4,62.8
841524488,21.4,1008.56,39.12,23.4,62.8
841524489,21.4,1008.56,38.96,23.4,62.7
841524490,21.4,1008.57,38.29,23.4,62.7
841524491,21.4,1008.57,38.7,23.5,62.8
841524492,21.4,1008.57,38.96,23.5,62.8
841524494,21.4,1008.53,39.21,23.5,62.8
841524494,21.4,1008.58,38.37,23.5,62.8
841524495,21.4,1008.62,38.7,23.5,62.8
841524496,21.4,1008.55,39.04,23.5,62.8
841524497,21.5,1008.61,39.46,23.5,62.8
841524499,21.5,1008.57,39.04,23.5,62.8
841524499,21.5,1008.55,39.37,23.5,62.8
841524500,21.5,1008.59,38.87,23.5,62.8
841524501,21.5,1008.55,38.7,23.5,62.9
841524503,21.5,1008.59,40.04,23.5,62.9
841524503,21.5,1008.58,39.37,23.5,62.8
841524504,21.5,1008.55,38.96,23.5,62.8
841524505,21.5,1008.55,39.29,23.5,62.8
841524506,21.5,1008.59,39.46,23.5,62.8
841524507,21.5,1008.58,39.12,23.5,62.8
841524508,21.5,1008.48,39.12,23.5,62.8
841524509,21.5,1008.55,39.71,23.5,62.8
841524510,21.5,1008.61,38.45,23.6,62.7
841524512,21.5,1008.59,39.21,23.6,62.7
841524512,21.5,1008.62,38.54,23.6,62.7
841524514,21.5,1008.52,38.79,23.6,62.7
841524514,21.5,1008.55,38.96,23.6,62.7
841524515,21.5,1008.48,39.46,23.6,62.7
841524516,21.5,1008.45,39.37,23.6,62.7
841524517,21.5,1008.48,39.87,23.6,62.6
841524518,21.5,1008.53,38.29,23.6,62.6
841524519,21.5,1008.64,38.45,23.6,62.6
841524520,21.6,1008.54,38.79,23.6,62.6
841524521,21.6,1008.64,38.7,23.7,62.6
841524523,21.6,1008.62,38.96,23.7,62.6
841524523,21.6,1008.65,37.95,23.7,62.5
841524525,21.6,1008.64,38.79,23.7,62.5
841524525,21.6,1008.58,39.12,23.7,62.5
841524527,21.6,1008.58,39.54,23.7,62.5
841524527,21.6,1008.6,38.29,23.7,62.5
841524528,21.6,1008.61,38.87,23.7,62.5
841524529,21.6,1008.54,38.79,23.7,62.5
841524531,21.6,1008.66,38.29,23.7,62.5
841524531,21.6,1008.56,39.21,23.7,62.5
841524532,21.6,1008.61,38.45,23.7,62.5
841524534,21.6,1008.56,38.54,23.7,62.5
841524534,21.6,1008.59,38.7,23.7,62.5
841524536,21.6,1008.53,39.29,23.8,62.4
841524536,21.6,1008.51,39.46,23.8,62.4
841524537,21.6,1008.5,39.29,23.8,62.4
841524538,21.6,1008.52,38.54,23.8,62.4
841524540,21.6,1008.59,39.29,23.8,62.3
841524540,21.6,1008.55,38.62,23.8,62.3
841524541,21.6,1008.58,39.29,23.8,62.3
841524542,21.6,1008.54,39.37,23.8,62.2
841524543,21.6,1008.59,39.04,23.8,62.2
841524544,21.6,1008.54,38.7,23.9,62.1
841524602,21.6,1008.55,39.12,23.9,62.1
841524602,21.6,1008.59,39.54,23.9,62.0
841524602,21.6,1008.62,38.7,23.9,62.0
841524603,21.6,1008.53,39.04,23.8,60.9
841524603,21.6,1008.44,40.54,23.8,60.9
841524604,21.6,1008.57,39.12,23.8,60.8
841524604,21.6,1008.52,38.96,23.8,60.8
841524605,21.6,1008.54,39.29,23.8,60.8
841524606,21.6,1008.54,38.54,23.8,60.9
841524608,21.6,1008.56,38.87,23.8,60.9
841524608,21.6,1008.54,38.37,23.8,60.9
841524610,21.6,1008.54,39.21,23.8,60.9
841524611,21.6,1008.52,39.37,23.8,60.8
841524612,21.6,1008.63,38.2,23.8,60.8
841524613,21.6,1008.54,39.96,23.8,60.8
841524613,21.6,1008.57,39.29,23.8,60.9
841524614,21.6,1008.59,38.87,23.8,60.9
841524615,21.6,1008.54,39.29,23.8,60.9
841524617,21.6,1008.48,39.21,23.8,60.9
841524617,21.6,1008.56,39.29,23.8,60.8
841524619,21.6,1008.56,39.29,23.8,60.8
841524620,21.6,1008.56,39.21,23.8,60.9
841524620,21.6,1008.63,39.21,23.8,60.9
841524622,21.6,1008.54,39.37,23.8,60.9
841524623,21.6,1008.61,38.54,23.7,60.9
841524624,21.6,1008.6,38.7,23.7,60.9
841524624,21.6,1008.44,39.62,23.7,61.0
841524626,21.6,1008.71,39.29,23.7,61.0
841524627,21.6,1008.54,38.79,23.8,61.0
841524627,21.6,1008.5,38.79,23.8,61.0
841524629,21.6,1008.63,38.2,23.8,61.0
841524629,21.6,1008.56,39.12,23.7,61.1
841524631,21.6,1008.57,38.62,23.7,61.1
841524632,21.6,1008.52,39.29,23.7,61.1
841524633,21.6,1008.62,38.79,23.7,61.1
841524634,21.6,1008.6,38.54,23.7,61.1
841524635,21.6,1008.66,38.79,23.7,61.1
841524636,21.6,1008.53,38.37,23.7,61.1
841524637,21.6,1008.65,38.62,23.7,61.1
841524638,21.7,1008.56,39.54,23.7,61.1
841524639,21.6,1008.43,39.21,23.7,61.1
841524640,21.6,1008.55,38.87,23.7,61.1
841524641,21.6,1008.57,38.62,23.7,61.1
841524642,21.6,1008.52,38.96,23.7,61.1
841524643,21.7,1008.54,38.87,23.7,61.2
841524644,21.7,1008.63,38.62,23.7,61.2
841524645,21.6,1008.65,38.79,23.7,61.2
841524646,21.7,1008.64,38.12,23.7,61.2
841524647,21.6,1008.54,38.79,23.7,61.2
841524648,21.7,1008.57,38.62,23.6,61.2
841524649,21.6,1008.58,38.7,23.6,61.2
841524650,21.6,1008.61,38.12,23.6,61.2
841524651,21.6,1008.55,38.54,23.6,61.2
841524652,21.6,1008.59,38.37,23.6,61.3
841524653,21.6,1008.44,39.96,23.6,61.3
841524654,21.6,1008.53,38.87,23.6,61.3
841524655,21.6,1008.5,39.87,23.6,61.4
841524656,21.6,1008.67,38.87,23.6,61.4
841524657,21.6,1008.53,39.04,23.6,61.4
841524658,21.6,1008.5,38.37,23.6,61.4
841524659,21.6,1008.62,38.45,23.6,61.4
841524660,21.6,1008.5,39.37,23.6,61.4
841524661,21.6,1008.61,38.62,23.6,61.4
841524662,21.6,1008.56,39.46,23.5,61.4
841524663,21.6,1008.55,38.37,23.5,61.4
841524664,21.6,1008.56,39.71,23.5,61.4
841524665,21.6,1008.56,38.96,23.5,61.4
841524666,21.6,1008.63,39.04,23.5,61.4
841524667,21.6,1008.68,38.2,23.5,61.4
841524668,21.6,1008.56,38.37,23.5,61.4
841524669,21.6,1008.58,38.12,23.5,61.4
841524670,21.6,1008.46,40.04,23.5,61.4
841524671,21.6,1008.58,39.21,23.5,61.4
841524672,21.6,1008.56,38.62,23.5,61.4
841524673,21.6,1008.56,38.12,23.5,61.4
841524674,21.6,1008.51,38.54,23.5,61.4
841524675,21.6,1008.54,38.29,23.4,61.3
841524676,21.6,1008.53,38.62,23.4,61.3
841524677,21.6,1008.57,38.62,23.4,61.3
841524678,21.6,1008.59,38.96,23.4,61.4
841524679,21.6,1008.57,39.54,23.4,61.4
841524680,21.6,1008.61,39.37,23.4,61.4
841524681,21.6,1008.55,38.96,23.4,61.4
841524682,21.6,1008.55,38.37,23.4,61.5
841524683,21.6,1008.58,38.62,23.4,61.5
841524684,21.6,1008.58,38.54,23.4,61.5
841524685,21.6,1008.51,39.79,23.4,61.5
841524686,21.6,1008.56,38.96,23.4,61.5
841524687,21.6,1008.63,38.54,23.4,61.5
841524688,21.6,1008.57,38.62,23.4,61.5
841524689,21.6,1008.59,38.54,23.4,61.5
841524690,21.6,1008.62,39.04,23.4,61.5
841524691,21.6,1008.54,39.12,23.4,61.6
841524692,21.6,1008.57,38.37,23.4,61.6
841524693,21.6,1008.59,38.29,23.4,61.6
841524694,21.6,1008.61,38.87,23.3,61.5
841524695,21.6,1008.52,39.21,23.3,61.5
841524696,21.6,1008.53,38.37,23.3,61.6
841524697,21.6,1008.59,38.7,23.3,61.6
841524698,21.6,1008.61,38.29,23.3,61.6
841524699,21.6,1008.54,38.45,23.3,61.6
841524700,21.6,1008.6,38.54,23.3,61.7
841524701,21.6,1008.6,38.12,23.3,61.7
841524702,21.6,1008.62,39.12,23.3,61.7
841524703,21.6,1008.62,38.87,23.3,61.7
841524704,21.6,1008.61,39.96,23.3,61.7
841524705,21.6,1008.62,39.21,23.3,61.8
841524706,21.6,1008.62,38.62,23.3,61.8
841524707,21.6,1008.61,38.87,23.3,61.8
841524708,21.6,1008.56,38.62,23.3,61.8
841524709,21.6,1008.59,38.2,23.3,61.8
841524710,21.6,1008.52,39.04,23.3,61.8
841524711,21.6,1008.55,39.37,23.3,61.8
841524712,21.6,1008.61,38.04,23.2,61.9
841524713,21.6,1008.57,39.21,23.2,61.9
841524714,21.6,1008.66,38.7,23.2,61.9
841524715,21.6,1008.64,38.96,23.2,61.9
841524716,21.6,1008.51,39.87,23.2,61.9
841524717,21.6,1008.56,37.87,23.2,61.9
841524718,21.6,1008.56,38.79,23.2,61.9
841524719,21.6,1008.58,38.29,23.2,62.0
841524720,21.6,1008.53,39.29,23.2,62.0
841524721,21.6,1008.56,39.21,23.2,62.1
841524722,21.6,1008.66,38.12,23.2,62.1
841524723,21.6,1008.52,39.12,23.2,62.2
841524724,21.6,1008.62,38.12,23.2,62.2
841524725,21.6,1008.65,37.87,23.2,62.2
841524726,21.6,1008.64,38.04,23.2,62.2
841524727,21.6,1008.66,38.62,23.2,62.2
841524728,21.6,1008.61,38.12,23.2,62.3
841524729,21.6,1008.59,38.12,23.2,62.3
841524730,21.6,1008.6,39.79,23.2,62.3
841524731,21.6,1008.61,38.62,23.2,62.3
841524732,21.7,1008.54,38.37,23.2,62.3
841524733,21.6,1008.59,38.2,23.2,62.3
841524734,21.6,1008.57,38.62,23.2,62.3
841524735,21.6,1008.54,38.45,23.2,62.3
841524736,21.6,1008.74,38.54,23.2,62.3
841524737,21.6,1008.61,38.54,23.1,62.4
841524738,21.6,1008.55,38.54,23.1,62.4
841524739,21.6,1008.51,39.79,23.1,62.4
841524740,21.6,1008.58,38.62,23.1,62.4
841524741,21.6,1008.74,39.21,23.1,62.4
841524742,21.6,1008.61,38.12,23.1,62.4
841524743,21.6,1008.66,38.04,23.1,62.4
841524744,21.6,1008.59,38.45,23.2,62.5
841524745,21.6,1008.65,38.04,23.2,62.5
841524746,21.6,1008.53,39.71,23.2,62.4
841524747,21.6,1008.55,38.29,23.2,62.4
841524748,21.6,1008.56,38.7,23.2,62.5
841524749,21.6,1008.63,38.45,23.2,62.5
841524750,21.7,1008.62,39.04,23.2,62.5
841524751,21.6,1008.64,37.7,23.2,62.5
841524752,21.6,1008.6,39.12,23.2,62.5
841524753,21.6,1008.58,37.95,23.2,62.5
841524754,21.6,1008.61,38.12,23.2,62.5
841524755,21.6,1008.57,38.04,23.2,62.6
841524756,21.6,1008.66,38.62,23.2,62.6
841524757,21.6,1008.6,38.12,23.2,62.6
841524758,21.7,1008.6,38.45,23.2,62.5
841524759,21.6,1008.57,39.21,23.2,62.5
841524760,21.7,1008.61,38.12,23.3,62.5
841524761,21.7,1008.56,38.96,23.3,62.5
841524762,21.7,1008.52,39.79,23.3,62.5
841524763,21.7,1008.62,38.54,23.3,62.5
841524764,21.7,1008.56,39.04,23.3,62.4
841524765,21.7,1008.62,38.96,23.3,62.4
841524766,21.7,1008.59,38.87,23.3,62.4
841524767,21.7,1008.55,38.45,23.3,62.5
841524768,21.7,1008.59,38.87,23.3,62.5
841524769,21.7,1008.58,38.54,23.3,62.4
841524770,21.7,1008.59,38.45,23.3,62.4
841524771,21.7,1008.58,38.7,23.3,62.4
841524772,21.7,1008.59,38.79,23.3,62.4
841524773,21.7,1008.62,38.79,23.3,62.4
841524774,21.7,1008.62,38.45,23.3,62.3
841524775,21.6,1008.74,37.87,23.3,62.3
841524776,21.7,1008.64,38.04,23.3,62.3
841524778,21.7,1008.58,38.87,23.3,62.3
841524778,21.7,1008.59,38.54,23.3,62.3
841524779,21.7,1008.55,38.54,23.3,62.3
841524780,21.6,1008.63,38.54,23.3,62.2
841524781,21.7,1008.61,38.45,23.3,62.2
841524782,21.7,1008.64,38.62,23.3,62.2
841524783,21.7,1008.66,39.21,23.3,62.2
841524784,21.7,1008.68,38.37,23.3,62.2
841524785,21.7,1008.62,38.29,23.3,62.2
841524786,21.7,1008.66,38.45,23.3,62.2
841524787,21.7,1008.61,38.2,23.3,62.2
841524788,21.6,1008.58,39.12,23.3,62.2
841524789,21.6,1008.54,38.96,23.3,62.2
841524790,21.6,1008.57,39.71,23.3,62.1
841524791,21.7,1008.51,39.12,23.3,62.1
841524794,21.7,1008.57,38.62,23.2,62.2
841524794,21.7,1008.65,38.79,23.2,62.2
841524794,21.7,1008.59,38.7,23.2,62.2
841524795,21.6,1008.57,38.54,23.2,62.2
841524796,21.7,1008.62,38.2,23.2,62.2
841524797,21.6,1008.59,38.62,23.2,62.2
841524798,21.7,1008.67,38.87,23.2,62.2
841524799,21.6,1008.66,38.79,23.2,62.2
841524800,21.6,1008.67,38.04,23.2,62.2
841524801,21.7,1008.59,40.13,23.2,62.2
841524802,21.6,1008.67,38.29,23.2,62.2
841524803,21.6,1008.55,38.54,23.1,62.2
841524804,21.6,1008.74,38.2,23.1,62.2
841524805,21.7,1008.73,37.78,23.1,62.2
841524806,21.7,1008.69,38.12,23.1,62.3
841524807,21.6,1008.63,38.12,23.1,62.3
841524808,21.6,1008.68,38.37,23.1,62.4
841524809,21.7,1008.65,38.29,23.1,62.4
841524810,21.7,1008.59,38.7,23.1,62.4
841524811,21.6,1008.69,37.95,23.1,62.4
841524812,21.7,1008.68,37.87,23.1,62.4
841524813,21.7,1008.6,38.2,23.1,62.4
841524814,21.7,1008.63,37.7,23.1,62.4
841524815,21.7,1008.63,38.96,23.1,62.4
841524816,21.7,1008.66,38.12,23.1,62.4
841524817,21.6,1008.59,38.29,23.1,62.5
841524818,21.6,1008.62,38.2,23.1,62.5
841524819,21.6,1008.65,38.2,23.1,62.5
841524820,21.6,1008.57,38.62,23.1,62.5
841524821,21.7,1008.71,38.29,23.1,62.5
841524822,21.6,1008.71,38.37,23.1,62.6
841524823,21.6,1008.69,38.2,23.1,62.6
841524824,21.6,1008.53,38.2,23.0,62.6
841524825,21.7,1008.61,38.2,23.0,62.6
841524826,21.7,1008.69,38.62,23.0,62.7
841524827,21.7,1008.69,38.54,23.0,62.7
841524828,21.6,1008.56,38.62,23.0,62.7
841524829,21.7,1008.63,38.12,23.0,62.7
841524830,21.6,1008.65,38.04,23.0,62.7
841524833,21.7,1008.66,38.62,23.0,62.8
841524833,21.7,1008.66,38.37,23.0,62.8
841524833,21.7,1008.5,39.46,23.0,62.8
841524834,21.7,1008.53,38.7,23.0,62.8
841524835,21.7,1008.68,38.12,23.0,62.8
841524836,21.7,1008.59,37.95,23.0,62.8
841524837,21.7,1008.6,39.04,23.0,62.8
841524838,21.7,1008.65,38.37,23.0,62.9
841524839,21.7,1008.63,38.7,23.0,62.9
841524840,21.7,1008.62,38.7,23.0,63.0
841524841,21.7,1008.67,39.29,23.0,63.0
841524842,21.7,1008.53,39.12,23.0,63.1
841524843,21.7,1008.62,38.2,23.0,63.1
841524844,21.7,1008.62,37.87,23.0,63.2
841524845,21.7,1008.65,38.87,23.0,63.2
841524846,21.7,1008.56,38.62,23.0,63.2
841524847,21.7,1008.65,38.96,22.9,63.2
841524848,21.7,1008.58,38.37,22.9,63.2
841524849,21.7,1008.65,38.45,22.9,63.3
841524850,21.7,1008.55,39.62,22.9,63.3
841524851,21.7,1008.64,39.21,22.9,63.3
841524852,21.7,1008.71,38.04,22.9,63.3
841524853,21.7,1008.64,38.45,22.9,63.3
841524854,21.7,1008.56,38.37,22.9,63.3
841524855,21.7,1008.63,37.87,22.9,63.3
841524856,21.7,1008.65,38.79,22.9,63.3
841524857,21.7,1008.55,39.21,22.9,63.3
841524858,21.7,1008.69,39.54,22.9,63.3
841524859,21.7,1008.61,38.7,22.9,63.3
841524860,21.7,1008.64,39.12,22.9,63.3
841524861,21.7,1008.63,38.37,22.9,63.3
841524862,21.7,1008.54,39.79,22.9,63.3
841524863,21.7,1008.59,38.54,22.9,63.3
841524864,21.7,1008.59,38.54,22.9,63.3
841524865,21.7,1008.62,38.79,22.8,63.2
841524866,21.7,1008.63,38.96,22.8,63.2
841524867,21.7,1008.48,38.62,22.8,63.3
841524868,21.7,1008.64,38.87,22.8,63.3
841524869,21.7,1008.63,38.29,22.8,63.3
841524870,21.7,1008.55,39.46,22.8,63.3
841524871,21.7,1008.66,38.04,22.8,63.3
841524872,21.7,1008.65,37.95,22.8,63.3
841524873,21.7,1008.59,38.62,22.8,63.3
841524874,21.7,1008.56,38.29,22.8,63.4
841524875,21.7,1008.58,38.96,22.8,63.4
841524876,21.7,1008.63,38.45,22.8,63.4
841524877,21.7,1008.64,38.12,22.8,63.4
841524878,21.7,1008.54,39.21,22.8,63.4
841524879,21.7,1008.64,38.7,22.8,63.3
841524880,21.7,1008.62,37.78,22.8,63.3
841524881,21.7,1008.55,38.12,22.8,63.4
841524882,21.7,1008.61,39.54,22.8,63.4
841524883,21.7,1008.57,38.62,22.7,63.4
841524884,21.7,1008.63,39.54,22.7,63.4
841524885,21.7,1008.6,38.7,22.7,63.4
841524886,21.7,1008.56,38.7,22.7,63.5
841524887,21.7,1008.52,38.87,22.7,63.5
841524888,21.7,1008.61,38.54,22.7,63.5
841524889,21.7,1008.62,38.54,22.7,63.5
841524890,21.7,1008.64,38.37,22.7,63.5
841524891,21.7,1008.64,38.87,22.7,63.5
841524892,21.7,1008.54,39.71,22.7,63.5
841524893,21.7,1008.54,38.79,22.7,63.5
841524894,21.7,1008.59,38.37,22.7,63.5
841524895,21.7,1008.66,38.7,22.7,63.6
841524896,21.7,1008.62,38.04,22.7,63.6
841524897,21.7,1008.61,38.29,22.7,63.6
841524898,21.7,1008.63,38.29,22.7,63.6
841524899,21.7,1008.62,38.2,22.7,63.6
841524900,21.7,1008.58,38.7,22.7,63.6
841524901,21.7,1008.59,38.62,22.7,63.6
841524902,21.7,1008.59,38.87,22.7,63.6
841524962,21.7,1008.65,38.37,22.7,63.6
841524962,21.7,1008.58,39.71,22.7,63.6
841524962,21.7,1008.61,38.87,22.7,63.6
841524963,21.7,1008.67,38.62,22.7,63.8
841524963,21.7,1008.68,38.54,22.7,63.8
841524964,21.7,1008.58,38.79,22.7,63.8
841524965,21.7,1008.71,37.87,22.7,63.8
841524966,21.8,1008.6,38.7,22.7,63.8
841524967,21.8,1008.61,38.12,22.7,63.8
841524968,21.8,1008.65,37.95,22.7,63.8
841524969,21.8,1008.6,38.45,22.7,63.8
841524970,21.8,1008.53,39.54,22.7,63.7
841524971,21.8,1008.64,38.45,22.7,63.7
841524972,21.8,1008.57,38.87,22.7,63.7
841524973,21.8,1008.6,38.87,22.7,63.7
841524974,21.8,1008.63,38.54,22.7,63.7
841524975,21.8,1008.65,39.04,22.7,63.7
841524976,21.8,1008.66,38.04,22.7,63.7
841524977,21.8,1008.63,38.12,22.7,63.7
841524978,21.8,1008.63,38.45,22.7,63.7
841524979,21.8,1008.68,38.62,22.7,63.7
841524980,21.8,1008.53,38.54,22.7,63.7
841524981,21.8,1008.58,38.37,22.7,63.7
841524982,21.8,1008.65,38.29,22.7,63.7
841524983,21.8,1008.62,38.96,22.7,63.7
841524984,21.8,1008.64,39.04,22.7,63.6
841524985,21.8,1008.61,37.78,22.7,63.6
841524986,21.8,1008.68,38.87,22.7,63.6
841524987,21.8,1008.68,38.12,22.7,63.6
841524988,21.8,1008.66,38.29,22.7,63.7
841524989,21.8,1008.59,39.04,22.7,63.7
841524990,21.8,1008.65,38.12,22.7,63.7
841524991,21.8,1008.61,38.45,22.7,63.7
841524992,21.8,1008.61,39.29,22.7,63.7
841524993,21.8,1008.63,38.79,22.7,63.6
841524994,21.8,1008.67,37.78,22.7,63.6
841524995,21.8,1008.62,38.62,22.7,63.6
841524996,21.8,1008.58,37.78,22.7,63.6
841524997,21.8,1008.6,39.04,22.7,63.6
841524998,21.8,1008.68,38.12,22.7,63.6
841524999,21.8,1008.65,38.04,22.7,63.6
841525000,21.8,1008.58,37.2,22.8,63.7
841525001,21.8,1008.62,38.2,22.8,63.7
841525002,21.8,1008.61,38.2,22.7,63.6
841525003,21.8,1008.65,38.04,22.7,63.6
841525004,21.8,1008.55,38.04,22.7,63.6
841525005,21.8,1008.6,38.62,22.7,63.6
841525006,21.9,1008.63,38.37,22.7,63.6
841525007,21.9,1008.56,38.12,22.7,63.6
841525008,21.9,1008.67,38.54,22.7,63.6
841525009,21.9,1008.57,38.12,22.7,63.6
841525010,21.9,1008.61,39.46,22.7,63.6
841525011,21.9,1008.6,37.53,22.7,63.6
841525012,21.9,1008.66,38.7,22.7,63.6
841525013,21.9,1008.64,38.45,22.7,63.6
841525014,21.9,1008.64,38.04,22.8,63.6
841525015,21.9,1008.6,39.04,22.8,63.6
841525016,21.9,1008.67,38.7,22.8,63.6
841525017,21.9,1008.64,38.04,22.8,63.6
841525018,21.9,1008.58,38.2,22.7,63.6
841525019,21.9,1008.59,38.87,22.7,63.6
841525020,21.9,1008.65,39.12,22.7,63.6
841525021,21.9,1008.65,37.62,22.7,63.6
841525022,21.9,1008.6,37.87,22.7,63.6
841525082,21.9,1008.63,38.54,22.7,63.6
841525082,21.9,1008.66,37.95,22.7,63.6
841525082,21.9,1008.61,38.04,22.7,63.6
841525083,22.0,1008.67,38.29,22.7,63.8
841525083,22.0,1008.63,38.37,22.7,63.8
841525084,22.0,1008.6,38.79,22.7,63.8
841525085,22.0,1008.67,37.95,22.7,63.8
841525086,22.0,1008.68,38.29,22.7,63.8
841525087,22.0,1008.58,38.2,22.7,63.8
841525088,22.0,1008.63,38.2,22.7,63.8
841525089,22.0,1008.6,38.45,22.7,63.7
841525090,22.0,1008.62,38.96,22.7,63.7
841525091,22.0,1008.62,38.2,22.7,63.8
841525092,22.0,1008.68,38.37,22.7,63.8
841525093,22.0,1008.67,38.12,22.7,63.8
841525094,22.0,1008.56,38.54,22.7,63.7
841525095,22.0,1008.61,39.04,22.7,63.7
841525096,22.0,1008.71,38.2,22.7,63.7
841525097,22.0,1008.67,37.53,22.7,63.7
841525098,22.0,1008.69,37.95,22.7,63.7
841525099,22.0,1008.72,38.2,22.7,63.7
841525100,22.0,1008.69,38.54,22.7,63.7
841525101,22.0,1008.61,38.37,22.7,63.7
841525102,22.0,1008.59,38.54,22.7,63.7
841525103,22.0,1008.67,38.29,22.7,63.7
841525104,22.0,1008.54,38.54,22.7,63.7
841525105,22.0,1008.64,38.45,22.7,63.7
841525106,22.0,1008.66,39.54,22.7,63.7
841525107,22.0,1008.71,38.45,22.7,63.7
841525108,22.0,1008.6,38.37,22.7,63.7
841525109,22.0,1008.57,38.2,22.7,63.7
841525110,22.0,1008.58,38.2,22.7,63.7
841525111,22.0,1008.7,37.78,22.7,63.7
841525112,22.0,1008.63,39.46,22.7,63.7
841525113,22.0,1008.7,37.87,22.7,63.7
841525114,22.0,1008.56,38.87,22.7,63.7
841525115,22.0,1008.65,37.78,22.7,63.7
841525116,22.0,1008.66,38.37,22.7,63.6
841525117,22.0,1008.63,38.54,22.7,63.6
841525118,22.0,1008.71,38.2,22.7,63.6
841525119,22.0,1008.64,37.95,22.7,63.6
841525120,22.0,1008.64,38.45,22.7,63.6
841525121,22.0,1008.59,38.79,22.7,63.6
841525122,22.0,1008.65,37.95,22.7,63.6
841525123,22.0,1008.63,38.12,22.8,63.6
841525124,22.0,1008.5,39.54,22.8,63.6
841525125,22.0,1008.69,38.7,22.8,63.6
841525126,22.0,1008.64,37.95,22.8,63.6
841525127,22.0,1008.69,38.04,22.8,63.6
841525128,22.0,1008.55,38.04,22.8,63.6
841525129,22.0,1008.63,38.7,22.8,63.6
841525130,22.0,1008.69,38.04,22.8,63.5
841525131,22.0,1008.65,38.04,22.8,63.5
841525132,22.0,1008.63,38.45,22.8,63.5
841525133,22.0,1008.64,38.37,22.8,63.5
841525134,22.0,1008.65,37.95,22.8,63.5
841525135,22.0,1008.66,38.45,22.8,63.5
841525136,22.0,1008.68,38.45,22.8,63.5
841525137,22.0,1008.58,38.79,22.8,63.6
841525138,22.0,1008.68,38.2,22.8,63.6
841525139,22.0,1008.65,38.29,22.8,63.6
841525140,22.0,1008.71,37.95,22.8,63.6
841525141,22.0,1008.67,37.7,22.8,63.6
841525142,22.0,1008.63,38.54,22.8,63.5
841525143,22.0,1008.63,39.04,22.8,63.5
841525144,22.0,1008.67,37.95,22.9,63.5
841525145,22.0,1008.67,37.95,22.9,63.5
841525146,22.0,1008.67,38.04,22.9,63.5
841525147,22.0,1008.61,39.12,22.9,63.5
841525148,22.0,1008.72,38.29,22.9,63.5
841525149,22.0,1008.66,38.45,22.9,63.5
841525150,22.0,1008.56,38.62,22.9,63.5
841525151,22.0,1008.67,38.12,22.9,63.4
841525152,22.0,1008.61,38.29,22.9,63.4
841525153,22.0,1008.71,38.62,22.9,63.4
841525154,22.0,1008.68,38.04,22.9,63.4
841525155,22.0,1008.6,38.79,23.0,63.4
841525156,22.1,1008.67,37.28,23.0,63.4
841525157,22.1,1008.65,38.12,23.0,63.4
841525158,22.1,1008.67,38.37,23.0,63.4
841525159,22.1,1008.65,37.95,23.0,63.4
841525160,22.1,1008.63,38.45,23.0,63.3
841525161,22.1,1008.72,38.2,23.0,63.3
841525162,22.1,1008.66,37.78,23.0,63.3
841525163,22.2,1008.7,37.78,23.0,63.3
841525164,22.1,1008.68,38.62,23.0,63.3
841525165,22.2,1008.66,38.37,23.0,63.3
841525166,22.2,1008.74,37.95,23.0,63.3
841525167,22.2,1008.69,37.37,23.0,63.3
841525168,22.2,1008.69,38.29,23.0,63.3
841525169,22.2,1008.76,38.29,23.1,63.2
841525170,22.2,1008.66,38.7,23.1,63.2
841525171,22.2,1008.72,38.29,23.1,63.2
841525172,22.2,1008.72,37.2,23.1,63.2
841525173,22.2,1008.66,38.37,23.1,63.2
841525174,22.2,1008.75,37.7,23.1,63.1
841525175,22.2,1008.69,38.37,23.1,63.1
841525176,22.2,1008.74,37.2,23.1,63.0
841525177,22.2,1008.71,38.12,23.1,63.0
841525178,22.2,1008.67,37.53,23.1,63.0
841525179,22.2,1008.68,38.62,23.1,63.0
841525180,22.2,1008.73,37.45,23.2,62.9
841525181,22.2,1008.66,37.78,23.2,62.9
841525182,22.2,1008.56,38.45,23.2,62.9
841525183,22.3,1008.7,37.28,23.2,62.9
841525184,22.3,1008.59,38.54,23.2,62.9
841525185,22.2,1008.71,38.37,23.2,62.8
841525186,22.3,1008.68,37.62,23.2,62.8
841525187,22.2,1008.66,38.2,23.2,62.8
841525188,22.2,1008.72,37.45,23.2,62.8
841525189,22.2,1008.77,37.2,23.2,62.8
841525190,22.3,1008.72,38.2,23.3,62.7
841525191,22.3,1008.69,37.62,23.3,62.7
841525192,22.3,1008.71,38.04,23.3,62.6
841525193,22.3,1008.72,37.62,23.3,62.6
841525194,22.3,1008.65,38.37,23.3,62.6
841525195,22.3,1008.73,38.2,23.3,62.6
841525196,22.3,1008.69,37.87,23.3,62.6
841525197,22.3,1008.7,37.7,23.3,62.6
841525198,22.3,1008.78,37.45,23.3,62.6
841525199,22.3,1008.58,38.62,23.4,62.5
841525200,22.3,1008.65,37.95,23.4,62.5
841525201,22.3,1008.7,37.7,23.4,62.4
841525202,22.3,1008.69,37.95,23.4,62.4
841525203,22.3,1008.69,37.87,23.4,62.3
841525204,22.3,1008.68,38.12,23.4,62.3
841525205,22.3,1008.7,37.45,23.4,62.3
841525206,22.4,1008.68,38.87,23.5,62.3
841525207,22.3,1008.7,38.04,23.5,62.3
841525208,22.4,1008.62,37.87,23.5,62.1
841525209,22.4,1008.64,38.87,23.5,62.1
841525210,22.4,1008.7,37.7,23.5,62.1
841525211,22.4,1008.72,37.7,23.5,62.1
841525212,22.4,1008.76,37.87,23.5,62.0
841525213,22.4,1008.72,37.2,23.5,62.0
841525214,22.4,1008.72,37.7,23.5,62.0
841525215,22.4,1008.77,37.78,23.5,61.9
841525216,22.4,1008.73,37.28,23.5,61.9
841525217,22.4,1008.7,37.78,23.6,61.8
841525218,22.4,1008.69,38.04,23.6,61.8
841525219,22.4,1008.64,39.12,23.6,61.8
841525220,22.4,1008.63,38.29,23.6,61.8
841525221,22.4,1008.74,37.37,23.6,61.8
841525222,22.4,1008.67,37.95,23.6,61.7
841525223,22.4,1008.74,37.62,23.6,61.7
841525224,22.4,1008.64,39.12,23.6,61.6
841525225,22.4,1008.78,37.03,23.6,61.6
841525226,22.4,1008.69,37.78,23.6,61.6
841525227,22.4,1008.7,37.95,23.6,61.6
841525228,22.4,1008.71,37.78,23.6,61.5
841525229,22.4,1008.68,38.2,23.6,61.5
841525230,22.4,1008.68,37.7,23.6,61.5
841525231,22.4,1008.7,37.87,23.6,61.5
841525232,22.4,1008.62,38.29,23.6,61.5
841525233,22.4,1008.73,37.62,23.6,61.4
841525234,22.4,1008.76,37.37,23.6,61.4
841525235,22.4,1008.76,37.37,23.7,61.3
841525236,22.4,1008.72,38.45,23.7,61.3
841525237,22.4,1008.69,38.04,23.7,61.3
841525238,22.4,1008.72,38.12,23.7,61.3
841525239,22.4,1008.76,37.37,23.7,61.3
841525240,22.4,1008.71,37.12,23.7,61.2
841525241,22.4,1008.71,37.45,23.7,61.2
841525242,22.4,1008.72,38.2,23.6,61.2
841525243,22.4,1008.69,37.62,23.6,61.2
841525244,22.4,1008.7,37.62,23.6,61.1
841525245,22.4,1008.77,37.45,23.6,61.1
841525246,22.4,1008.74,37.53,23.6,61.1
841525247,22.4,1008.74,37.78,23.7,61.2
841525248,22.3,1008.71,37.78,23.7,61.2
841525249,22.3,1008.7,38.37,23.7,61.1
841525250,22.3,1008.73,37.45,23.7,61.1
841525251,22.3,1008.59,37.78,23.7,61.1
841525252,22.3,1008.67,37.62,23.7,61.1
841525253,22.4,1008.74,38.12,23.7,61.1
841525254,22.4,1008.67,37.95,23.6,61.0
841525255,22.4,1008.71,37.28,23.6,61.0
841525256,22.3,1008.75,37.12,23.6,61.0
841525257,22.3,1008.79,37.95,23.6,61.0
841525258,22.3,1008.69,37.37,23.6,61.0
841525259,22.3,1008.76,37.87,23.6,61.0
841525260,22.3,1008.72,36.95,23.6,61.0
841525261,22.3,1008.74,37.2,23.6,61.0
841525262,22.3,1008.77,37.62,23.6,61.0
841525322,22.3,1008.76,36.53,23.6,60.9
841525322,22.3,1008.78,37.37,23.6,60.9
841525322,22.3,1008.8,37.28,23.6,60.9
841525323,22.3,1008.78,37.37,23.4,61.3
841525323,22.3,1008.78,37.7,23.4,61.3
841525324,22.3,1008.77,36.95,23.4,61.3
841525325,22.3,1008.78,37.78,23.4,61.3
841525326,22.3,1008.66,37.45,23.4,61.3
841525327,22.3,1008.71,36.95,23.4,61.3
841525328,22.3,1008.84,36.95,23.4,61.3
841525329,22.3,1008.64,37.87,23.4,61.3
841525330,22.3,1008.77,37.45,23.4,61.3
841525331,22.3,1008.74,37.53,23.4,61.3
841525332,22.3,1008.76,37.12,23.4,61.3
841525333,22.3,1008.83,37.2,23.4,61.3
841525334,22.3,1008.72,36.95,23.4,61.3
841525335,22.3,1008.76,38.12,23.4,61.3
841525336,22.3,1008.74,37.87,23.4,61.4
841525337,22.3,1008.69,37.7,23.4,61.4
841525338,22.3,1008.65,37.87,23.4,61.4
841525339,22.4,1008.75,37.03,23.4,61.4
841525340,22.4,1008.71,37.7,23.3,61.5
841525341,22.3,1008.74,37.28,23.3,61.5
841525342,22.4,1008.75,36.78,23.3,61.5
841525343,22.4,1008.69,37.95,23.3,61.5
841525344,22.4,1008.73,37.53,23.3,61.5
841525345,22.3,1008.76,36.95,23.3,61.5
841525346,22.3,1008.76,37.12,23.3,61.5
841525347,22.3,1008.74,37.37,23.3,61.5
841525348,22.4,1008.8,37.62,23.3,61.5
841525349,22.3,1008.77,36.95,23.3,61.5
841525350,22.3,1008.77,36.87,23.3,61.5
841525351,22.3,1008.76,37.7,23.3,61.5
841525352,22.3,1008.66,37.45,23.3,61.6
841525353,22.3,1008.79,37.2,23.3,61.6
841525354,22.3,1008.75,36.95,23.3,61.6
841525355,22.3,1008.83,37.53,23.3,61.6
841525356,22.3,1008.78,37.03,23.3,61.6
841525357,22.3,1008.77,37.87,23.3,61.6
841525358,22.3,1008.76,37.12,23.3,61.6
841525359,22.3,1008.83,36.78,23.3,61.6
841525360,22.3,1008.74,37.53,23.3,61.6
841525361,22.3,1008.78,37.28,23.3,61.7
841525362,22.3,1008.7,38.29,23.3,61.7
841525363,22.3,1008.77,37.28,23.3,61.7
841525364,22.3,1008.87,38.12,23.3,61.7
841525365,22.3,1008.69,38.37,23.3,61.7
841525366,22.3,1008.74,37.37,23.3,61.7
841525367,22.3,1008.71,37.37,23.3,61.7
841525368,22.3,1008.73,36.62,23.2,61.8
841525369,22.3,1008.76,37.62,23.2,61.8
841525370,22.3,1008.82,37.12,23.3,61.8
841525371,22.3,1008.82,37.87,23.3,61.8
841525372,22.3,1008.83,36.95,23.2,61.8
841525373,22.3,1008.83,36.62,23.2,61.8
841525374,22.3,1008.83,37.37,23.2,61.8
841525375,22.3,1008.81,36.87,23.2,61.8
841525376,22.3,1008.78,37.62,23.2,61.8
841525377,22.3,1008.8,37.45,23.2,61.8
841525378,22.3,1008.77,37.28,23.2,61.8
841525379,22.3,1008.75,37.7,23.2,61.8
841525380,22.3,1008.76,37.45,23.2,61.8
841525381,22.3,1008.77,37.62,23.2,61.8
841525382,22.3,1008.76,37.12,23.2,61.9
841525383,22.3,1008.82,37.45,23.2,61.9
841525384,22.3,1008.78,37.28,23.2,61.8
841525385,22.3,1008.76,37.7,23.2,61.8
841525386,22.3,1008.8,37.03,23.2,61.9
841525387,22.3,1008.82,36.95,23.2,61.9
841525388,22.3,1008.81,37.28,23.2,61.9
841525389,22.3,1008.8,37.62,23.2,61.9
841525390,22.3,1008.7,38.37,23.2,61.9
841525391,22.3,1008.74,37.37,23.2,61.9
841525392,22.3,1008.77,36.62,23.2,61.9
841525393,22.3,1008.73,38.12,23.2,61.9
841525394,22.3,1008.8,37.2,23.2,61.9
841525395,22.3,1008.81,37.78,23.2,61.9
841525396,22.3,1008.74,36.95,23.2,61.9
841525397,22.3,1008.75,37.28,23.2,61.9
841525398,22.3,1008.69,37.45,23.1,61.9
841525399,22.3,1008.71,37.45,23.1,61.9
841525400,22.3,1008.81,37.62,23.1,62.0
841525401,22.3,1008.81,36.37,23.1,62.0
841525402,22.3,1008.83,36.87,23.1,62.0
841525403,22.3,1008.8,37.03,23.1,62.0
841525404,22.3,1008.86,36.53,23.1,62.0
841525405,22.3,1008.78,37.45,23.1,62.0
841525406,22.3,1008.7,37.62,23.1,62.0
841525407,22.3,1008.77,37.45,23.1,62.0
841525408,22.3,1008.81,37.53,23.1,62.0
841525409,22.3,1008.83,37.28,23.1,62.1
841525410,22.3,1008.81,38.7,23.1,62.1
841525411,22.3,1008.8,37.03,23.1,62.1
841525412,22.3,1008.78,37.45,23.1,62.1
841525413,22.3,1008.74,36.87,23.1,62.1
841525414,22.3,1008.79,37.03,23.1,62.1
841525415,22.3,1008.76,37.87,23.1,62.1
841525416,22.3,1008.84,36.7,23.1,62.1
841525417,22.3,1008.81,37.45,23.1,62.1
841525418,22.3,1008.77,36.45,23.1,62.1
841525419,22.3,1008.77,37.53,23.1,62.1
841525420,22.3,1008.85,36.78,23.1,62.2
841525421,22.3,1008.85,37.12,23.1,62.2
841525422,22.3,1008.79,37.45,23.1,62.2
841525423,22.3,1008.79,37.87,23.1,62.2
841525424,22.3,1008.75,37.37,23.1,62.2
841525425,22.3,1008.82,36.87,23.1,62.2
841525426,22.3,1008.82,37.28,23.1,62.2
841525427,22.3,1008.73,37.45,23.1,62.2
841525428,22.3,1008.7,38.04,23.1,62.2
841525429,22.3,1008.74,37.78,23.1,62.2
841525430,22.3,1008.79,37.2,23.1,62.3
841525431,22.3,1008.8,36.62,23.1,62.3
841525432,22.3,1008.84,36.53,23.1,62.2
841525433,22.3,1008.77,37.62,23.1,62.2
841525434,22.3,1008.73,37.53,23.1,62.2
841525435,22.3,1008.78,37.7,23.1,62.2
841525436,22.3,1008.77,37.37,23.1,62.2
841525437,22.3,1008.83,36.7,23.1,62.2
841525438,22.3,1008.78,36.87,23.1,62.2
841525440,22.3,1008.82,38.04,23.1,62.2
841525440,22.3,1008.83,36.53,23.1,62.2
841525441,22.3,1008.83,37.53,23.1,62.2
841525442,22.3,1008.82,37.12,23.1,62.2
841525443,22.3,1008.71,37.78,23.1,62.2
841525444,22.3,1008.81,36.78,23.1,62.2
841525445,22.3,1008.84,36.28,23.1,62.2
841525446,22.3,1008.76,37.37,23.1,62.2
841525447,22.3,1008.79,37.03,23.1,62.2
841525448,22.3,1008.81,36.95,23.1,62.2
841525449,22.3,1008.67,37.37,23.1,62.2
841525450,22.3,1008.73,37.28,23.1,62.2
841525451,22.3,1008.84,37.28,23.1,62.2
841525452,22.3,1008.91,36.45,23.1,62.2
841525453,22.3,1008.81,37.37,23.1,62.2
841525454,22.3,1008.8,37.03,23.1,62.2
841525455,22.3,1008.83,36.37,23.1,62.2
841525457,22.3,1008.87,36.2,23.1,62.2
841525457,22.3,1008.83,36.28,23.0,62.3
841525458,22.3,1008.74,36.62,23.0,62.3
841525459,22.3,1008.83,36.62,23.0,62.3
841525460,22.3,1008.82,36.95,23.0,62.3
841525461,22.3,1008.7,37.45,23.0,62.3
841525462,22.3,1008.73,37.2,23.1,62.3
841525463,22.3,1008.84,36.45,23.1,62.3
841525464,22.3,1008.85,36.53,23.1,62.3
841525466,22.3,1008.79,36.78,23.1,62.3
841525466,22.3,1008.84,36.45,23.0,62.3
841525467,22.3,1008.88,36.53,23.0,62.3
841525468,22.3,1008.77,37.03,23.1,62.3
841525469,22.3,1008.82,37.03,23.1,62.3
841525470,22.3,1008.82,36.2,23.1,62.3
841525471,22.3,1008.8,37.2,23.0,62.4
841525472,22.3,1008.77,36.7,23.0,62.4
841525473,22.3,1008.78,36.37,23.0,62.4
841525475,22.3,1008.83,36.45,23.0,62.4
841525475,22.3,1008.78,36.7,23.0,62.4
841525476,22.3,1008.76,36.28,23.0,62.4
841525477,22.3,1008.81,36.28,23.0,62.4
841525478,22.3,1008.79,36.78,23.0,62.4
841525479,22.3,1008.82,36.53,23.0,62.4
841525480,22.3,1008.81,37.12,23.1,62.4
841525481,22.3,1008.75,37.28,23.1,62.4
841525482,22.3,1008.84,36.87,23.0,62.5
841525484,22.3,1008.87,37.12,23.0,62.5
841525484,22.3,1008.91,36.53,23.0,62.4
841525485,22.3,1008.83,37.28,23.0,62.4
841525487,22.3,1008.82,36.95,23.0,62.4
841525487,22.3,1008.8,37.03,23.0,62.4
841525488,22.3,1008.8,37.28,23.0,62.4
841525489,22.3,1008.88,36.62,23.0,62.5
841525490,22.3,1008.91,36.53,23.0,62.5
841525491,22.3,1008.78,37.03,23.0,62.4
841525492,22.3,1008.81,36.37,23.0,62.4
841525494,22.3,1008.81,36.95,23.0,62.4
841525494,22.3,1008.85,35.86,23.0,62.5
841525496,22.3,1008.85,36.53,23.0,62.5
841525496,22.3,1008.86,36.7,23.0,62.4
841525497,22.3,1008.87,36.45,23.0,62.4
841525498,22.3,1008.81,37.78,23.1,62.5
841525500,22.3,1008.85,37.37,23.1,62.5
841525500,22.3,1008.81,36.2,23.0,62.4
841525501,22.3,1008.81,36.53,23.0,62.4
841525502,22.3,1008.82,36.53,23.0,62.4
841525503,22.3,1008.84,36.62,23.0,62.4
841525505,22.3,1008.83,36.62,23.0,62.4
841525505,22.3,1008.93,36.45,23.0,62.4
841525506,22.3,1008.84,37.37,23.0,62.4
841525507,22.3,1008.79,36.87,23.0,62.4
841525509,22.3,1008.81,36.45,23.0,62.4
841525509,22.3,1008.92,36.2,23.0,62.4
841525510,22.3,1008.84,36.95,23.0,62.4
841525511,22.3,1008.87,36.87,23.0,62.4
841525512,22.3,1008.9,36.62,23.0,62.4
841525514,22.3,1008.79,37.45,23.0,62.4
841525514,22.3,1008.95,36.28,23.0,62.4
841525515,22.3,1008.81,37.03,23.0,62.4
841525516,22.3,1008.78,36.53,23.0,62.4
841525518,22.3,1008.92,36.95,23.0,62.4
841525518,22.3,1008.85,37.03,23.0,62.4
841525519,22.3,1008.88,36.62,23.0,62.5
841525521,22.3,1008.85,35.86,23.0,62.5
841525521,22.3,1008.84,36.53,23.0,62.4
841525523,22.3,1008.86,36.28,23.0,62.4
841525523,22.3,1008.84,36.7,23.0,62.4
841525524,22.3,1008.86,37.12,23.0,62.4
841525526,22.3,1008.87,36.45,23.0,62.4
841525526,22.3,1008.8,36.87,23.0,62.4
841525528,22.3,1008.91,36.28,23.0,62.4
841525528,22.3,1008.92,36.87,23.0,62.4
841525530,22.3,1008.83,36.87,23.0,62.4
841525530,22.3,1008.91,36.28,23.0,62.5
841525531,22.3,1008.91,35.78,23.0,62.5
841525532,22.3,1008.94,35.95,23.0,62.5
841525534,22.3,1008.91,36.28,23.0,62.5
841525534,22.3,1008.77,36.87,23.0,62.5
841525535,22.3,1008.92,35.86,23.0,62.4
841525537,22.3,1009.01,36.37,23.0,62.4
841525537,22.3,1008.91,35.78,23.0,62.4
841525539,22.3,1008.94,35.61,23.0,62.4
841525539,22.3,1008.84,37.28,23.0,62.4
841525540,22.3,1008.8,36.78,23.0,62.4
841525541,22.3,1008.82,36.28,23.0,62.4
841525543,22.3,1008.88,36.37,23.0,62.4
841525543,22.3,1008.92,35.95,23.0,62.4
841525544,22.3,1008.88,36.37,23.0,62.4
841525546,22.3,1008.86,36.11,23.0,62.4
841525546,22.3,1008.9,36.78,23.0,62.5
841525548,22.3,1008.89,36.28,23.0,62.5
841525548,22.3,1008.85,36.78,23.0,62.5
841525549,22.3,1008.87,36.45,23.0,62.5
841525550,22.3,1008.88,35.86,23.0,62.5
841525552,22.3,1008.87,36.28,23.0,62.5
841525552,22.3,1008.91,35.78,23.0,62.5
841525553,22.3,1008.83,36.28,23.0,62.5
841525555,22.3,1008.87,36.78,23.0,62.5
841525555,22.3,1008.9,36.87,23.0,62.5
841525557,22.3,1008.82,36.87,23.0,62.5
841525557,22.3,1008.95,35.95,23.0,62.5
841525558,22.3,1008.95,36.11,23.0,62.6
841525560,22.3,1008.81,36.28,23.0,62.6
841525561,22.3,1008.94,35.7,23.0,62.6
841525561,22.3,1008.86,36.7,23.0,62.6
841525563,22.3,1008.91,36.28,23.0,62.5
841525563,22.3,1008.9,36.03,23.0,62.5
841525565,22.3,1008.91,36.11,23.0,62.6
841525565,22.3,1008.92,36.03,23.0,62.6
841525566,22.3,1008.89,36.7,23.0,62.6
841525568,22.3,1008.83,37.12,23.1,62.6
841525569,22.3,1008.84,36.45,23.1,62.6
841525569,22.3,1008.89,36.11,23.1,62.6
841525571,22.3,1008.92,36.28,23.1,62.6
841525572,22.3,1008.85,36.87,23.1,62.6
841525573,22.3,1008.85,36.53,23.1,62.6
841525574,22.3,1008.92,36.28,23.1,62.6
841525574,22.3,1008.82,36.78,23.1,62.5
841525576,22.3,1008.83,36.87,23.1,62.5
841525577,22.3,1008.88,35.7,23.2,62.5
841525577,22.3,1008.9,36.53,23.2,62.5
841525579,22.3,1008.91,37.12,23.2,62.5
841525579,22.3,1008.83,35.45,23.2,62.5
841525580,22.3,1008.9,36.45,23.2,62.4
841525582,22.3,1008.88,36.37,23.2,62.4
841525582,22.3,1009.01,35.86,23.2,62.4
841525583,22.3,1008.84,36.28,23.2,62.4
841525585,22.3,1008.98,36.11,23.2,62.4
841525585,22.3,1008.88,36.11,23.2,62.4
841525587,22.3,1008.85,36.78,23.2,62.4
841525587,22.3,1008.91,35.95,23.3,62.3
841525588,22.3,1008.93,36.11,23.3,62.3
841525590,22.3,1008.97,36.37,23.3,62.3
841525591,22.3,1008.96,35.7,23.3,62.3
841525591,22.3,1008.92,36.11,23.3,62.3
841525593,22.3,1008.85,36.28,23.3,62.2
841525593,22.3,1008.95,36.45,23.3,62.2
841525595,22.3,1008.96,36.7,23.3,62.2
841525596,22.3,1008.9,36.37,23.3,62.2
841525597,22.3,1008.94,36.37,23.3,62.2
841525598,22.3,1008.89,36.03,23.3,62.2
841525599,22.3,1009.0,36.28,23.3,62.2
841525599,22.3,1008.94,35.28,23.4,62.1
841525601,22.3,1009.0,36.11,23.4,62.1
841525601,22.3,1009.0,36.78,23.4,62.1
841525602,22.3,1008.84,37.03,23.4,62.1
841525604,22.3,1008.82,36.53,23.4,62.0
841525605,22.3,1008.84,36.95,23.4,62.0
841525605,22.3,1008.9,36.45,23.4,62.0
841525607,22.3,1008.86,35.61,23.4,62.0
841525608,22.3,1008.88,36.28,23.4,62.0
841525608,22.3,1008.94,35.7,23.4,61.9
841525610,22.3,1008.97,35.7,23.4,61.9
841525610,22.3,1008.9,35.78,23.5,61.8
841525611,22.3,1009.0,36.11,23.5,61.8
841525613,22.3,1008.92,36.53,23.5,61.8
841525614,22.3,1008.94,35.78,23.5,61.8
841525615,22.3,1008.94,36.2,23.5,61.8
841525616,22.3,1008.79,36.78,23.5,61.6
841525616,22.3,1008.84,36.45,23.5,61.6
841525618,22.3,1008.92,35.36,23.5,61.6
841525618,22.3,1008.92,36.03,23.5,61.6
841525619,22.3,1008.93,36.03,23.5,61.5
841525621,22.3,1008.92,35.95,23.5,61.5
841525622,22.3,1008.89,36.11,23.5,61.5
841525623,22.3,1008.86,36.62,23.5,61.5
841525624,22.3,1008.95,36.11,23.5,61.5
841525625,22.3,1009.03,36.53,23.5,61.4
841525625,22.3,1008.87,36.28,23.5,61.4
841525627,22.3,1008.86,35.7,23.6,61.4
841525627,22.3,1008.94,35.45,23.6,61.4
841525629,22.3,1008.93,36.2,23.6,61.3
841525630,22.3,1008.86,35.36,23.6,61.3
841525631,22.3,1008.89,35.78,23.6,61.3
841525632,22.3,1008.91,36.62,23.6,61.2
841525633,22.3,1008.91,35.86,23.6,61.2
841525634,22.3,1008.75,36.2,23.6,61.2
841525635,22.3,1008.9,36.28,23.6,61.2
841525636,22.3,1008.94,35.78,23.6,61.2
841525637,22.3,1008.91,36.2,23.6,61.2
841525638,22.3,1008.96,36.03,23.6,61.2
841525639,22.3,1008.94,36.03,23.6,61.1
841525640,22.3,1008.89,36.7,23.6,61.1
841525641,22.3,1008.95,35.61,23.6,61.1
841525642,22.3,1008.89,36.28,23.6,61.1
841525643,22.3,1008.91,35.78,23.6,61.0
841525644,22.3,1008.93,36.37,23.6,61.0
841525645,22.3,1008.96,36.28,23.7,61.0
841525646,22.3,1008.91,35.78,23.7,61.0
841525647,22.3,1008.93,36.11,23.7,61.0
841525648,22.3,1008.91,35.53,23.6,61.0
841525649,22.3,1008.9,36.28,23.6,61.0
841525650,22.3,1008.93,36.11,23.7,60.9
841525651,22.3,1008.9,35.86,23.7,60.9
841525652,22.3,1008.9,36.37,23.7,60.9
841525653,22.3,1008.87,36.37,23.7,60.9
841525654,22.3,1008.88,36.2,23.7,60.9
841525655,22.3,1008.95,36.11,23.7,60.9
841525656,22.3,1008.87,36.37,23.7,60.9
841525657,22.3,1008.9,36.53,23.7,60.8
841525658,22.3,1008.9,36.2,23.7,60.8
841525659,22.3,1008.89,36.37,23.7,60.8
841525660,22.3,1008.91,35.78,23.7,60.8
841525661,22.3,1008.93,36.37,23.7,60.8
841525662,22.3,1008.9,36.45,23.7,60.8
841525663,22.3,1008.9,35.78,23.7,60.8
841525664,22.3,1008.96,36.2,23.7,60.7
841525665,22.3,1008.88,36.62,23.7,60.7
841525666,22.3,1008.93,35.95,23.7,60.7
841525667,22.3,1008.93,35.78,23.7,60.7
841525668,22.3,1008.96,35.7,23.7,60.8
841525669,22.3,1008.96,35.36,23.7,60.8
841525670,22.3,1008.98,35.78,23.7,60.8
841525671,22.3,1008.82,36.2,23.7,60.7
841525672,22.3,1009.02,35.7,23.7,60.7
841525673,22.3,1008.9,36.62,23.7,60.7
841525674,22.3,1008.89,35.78,23.7,60.7
841525675,22.3,1008.84,36.95,23.7,60.7
841525676,22.3,1008.95,36.28,23.7,60.7
841525677,22.3,1008.93,36.7,23.7,60.6
841525678,22.3,1009.01,35.61,23.7,60.6
841525679,22.3,1008.77,36.62,23.7,60.6
841525680,22.3,1008.91,36.2,23.7,60.6
841525681,22.3,1008.93,36.2,23.7,60.6
841525682,22.3,1008.91,36.11,23.7,60.6
841525683,22.3,1008.88,36.11,23.7,60.6
841525729,22.3,1008.93,36.2,23.7,60.7
841525729,22.3,1008.94,36.37,23.7,60.7
841525729,22.3,1008.93,36.53,23.7,60.7
841525729,22.306,None,None,23.3,61.1
841525730,22.2,1009.02,35.86,23.3,61.1
841525730,22.2,1008.93,36.11,23.3,61.3
841525731,22.1,1008.87,36.28,23.3,61.3
841525732,22.2,1008.96,35.78,23.3,61.4
841525733,22.1,1008.96,36.2,23.3,61.4
841525734,22.1,1008.97,35.86,23.3,61.4
841525735,22.2,1008.99,36.53,23.2,61.4
841525736,22.2,1009.02,35.36,23.2,61.4
841525737,22.2,1008.98,35.28,23.2,61.7
841525738,22.1,1008.94,36.11,23.2,61.7
841525739,22.2,1008.92,36.28,23.2,61.9
841525740,22.2,1008.99,35.45,23.2,61.9
841525741,22.2,1009.0,35.28,23.2,62.0
841525742,22.1,1008.85,36.03,23.2,62.0
841525743,22.1,1008.99,36.45,23.2,62.0
841525744,22.1,1008.97,36.53,23.2,62.1
841525745,22.1,1008.92,36.11,23.2,62.1
841525746,22.2,1008.92,35.95,23.2,62.1
841525747,22.1,1008.92,36.2,23.2,62.1
841525748,22.1,1008.87,36.62,23.1,62.2
841525749,22.1,1008.93,35.78,23.1,62.2
841525750,22.2,1008.98,36.37,23.1,62.2
841525751,22.2,1008.91,36.11,23.1,62.2
841525752,22.2,1008.84,36.11,23.1,62.2
841525753,22.2,1008.92,36.03,23.1,62.3
841525754,22.1,1008.94,35.78,23.1,62.3
841525755,22.1,1008.92,36.45,23.1,62.4
841525756,22.1,1008.92,35.78,23.1,62.4
841525757,22.1,1008.85,35.86,23.1,62.4
841525758,22.1,1008.97,35.53,23.1,62.4
841525759,22.1,1008.96,35.61,23.1,62.4
841525760,22.1,1008.89,36.28,23.1,62.3
841525761,22.1,1008.92,36.11,23.1,62.3
841525762,22.1,1008.88,36.03,23.1,62.4
841525763,22.1,1008.96,35.78,23.1,62.4
841525764,22.1,1008.97,36.11,23.1,62.3
841525765,22.1,1008.99,35.86,23.1,62.3
841525766,22.1,1008.88,35.36,23.1,62.3
841525767,22.1,1008.89,37.78,23.1,62.3
841525768,22.1,1008.95,35.7,23.1,62.3
841525769,22.1,1009.0,37.37,23.0,62.3
841525770,22.1,1008.81,35.78,23.0,62.3
841525771,22.1,1008.9,36.78,23.0,62.3
841525772,22.1,1008.92,35.7,23.0,62.3
841525773,22.1,1008.95,36.87,23.0,62.4
841525774,22.1,1008.93,36.37,23.0,62.4
841525775,22.1,1008.95,36.53,23.0,62.4
841525776,22.1,1008.93,36.28,23.0,62.4
841525777,22.1,1008.95,37.95,23.0,62.4
841525778,22.1,1008.88,35.36,23.0,62.4
841525779,22.1,1008.93,36.03,23.0,62.4
841525780,22.1,1008.94,36.11,23.0,62.4
841525781,22.1,1009.02,36.2,23.0,62.4
841525782,22.1,1008.97,36.2,23.0,62.4
841525783,22.1,1008.93,35.78,23.0,62.4
841525784,22.1,1008.97,35.7,23.0,62.4
841525785,22.1,1008.94,37.12,23.0,62.4
841525786,22.1,1008.82,36.62,23.0,62.4
841525787,22.1,1008.92,35.95,22.9,62.4
841525788,22.1,1008.88,35.86,22.9,62.4
841525789,22.1,1008.94,35.7,22.9,62.5
841525790,22.1,1008.92,36.78,22.9,62.5
841525791,22.1,1008.89,36.62,22.9,62.5
841525792,22.1,1008.91,36.7,22.9,62.5
841525793,22.1,1008.91,36.11,22.9,62.5
841525794,22.1,1008.94,36.03,22.9,62.6
841525795,22.1,1008.87,36.2,22.9,62.6
841525796,22.1,1008.93,35.45,22.9,62.7
841525797,22.1,1009.0,35.95,22.9,62.7
841525798,22.1,1008.98,36.28,22.9,62.7
841525799,22.1,1009.01,35.61,22.9,62.7
841525800,22.1,1008.9,36.11,22.9,62.7
841525801,22.1,1008.94,36.28,22.9,62.7
841525802,22.1,1008.87,36.62,22.9,62.7
841525803,22.1,1008.91,36.78,22.9,62.9
841525804,22.1,1008.9,35.53,22.9,62.9
841525805,22.1,1008.99,35.28,22.9,63.0
841525806,22.1,1008.99,35.45,22.9,63.0
841525807,22.1,1008.99,35.2,22.9,63.0
841525808,22.1,1009.0,36.11,22.9,63.0
841525809,22.1,1008.92,36.37,22.9,63.0
841525810,22.1,1008.98,35.78,22.9,63.0
841525811,22.1,1008.98,36.2,22.9,63.0
841525812,22.1,1009.0,35.11,22.9,63.1
841525813,22.1,1008.95,35.95,22.9,63.1
841525814,22.1,1008.91,35.45,22.9,63.1
841525815,22.1,1009.01,34.94,22.9,63.0
841525816,22.1,1009.0,35.45,22.9,63.0
841525817,22.2,1008.97,35.7,22.9,63.1
841525818,22.2,1008.96,35.45,22.9,63.1
841525819,22.1,1008.99,37.12,22.9,63.0
841525820,22.1,1008.78,36.95,22.9,63.0
841525821,22.2,1008.92,36.2,22.9,63.0
841525822,22.2,1008.93,35.95,22.9,63.0
841525823,22.1,1009.01,35.28,22.9,63.0
841525824,22.1,1008.91,34.94,22.9,63.0
841525825,22.1,1008.89,35.36,22.9,63.0
841525826,22.1,1008.87,35.7,22.9,63.1
841525827,22.1,1008.99,35.78,22.9,63.1
841525828,22.1,1008.95,35.86,22.8,63.0
841525829,22.1,1008.97,35.7,22.8,63.0
841525830,22.1,1008.99,35.28,22.8,63.0
841525831,22.1,1008.96,35.86,22.9,63.1
841525832,22.1,1008.97,36.03,22.9,63.1
841525833,22.1,1009.02,35.61,22.8,63.1
841525834,22.1,1008.9,35.78,22.8,63.1
841525835,22.1,1008.97,35.53,22.8,63.1
841525836,22.1,1008.95,35.45,22.8,63.1
841525837,22.1,1009.02,35.2,22.8,63.1
841525838,22.1,1008.94,35.95,22.8,63.1
841525839,22.1,1008.89,36.53,22.8,63.1
841525840,22.1,1009.0,35.45,22.8,63.2
841525841,22.1,1008.91,35.95,22.8,63.2
841525842,22.1,1008.92,35.28,22.8,63.0
841525843,22.1,1008.93,36.37,22.8,63.0
841525844,22.1,1008.83,37.37,22.8,63.1
841525845,22.1,1008.93,35.28,22.8,63.1
841525846,22.1,1008.92,35.53,22.8,63.1
841525847,22.1,1009.01,35.53,22.8,63.1
841525848,22.1,1008.91,36.53,22.8,63.1
841525849,22.1,1008.85,36.78,22.8,63.1
841525850,22.1,1008.94,35.28,22.8,63.1
841525851,22.1,1008.96,36.2,22.8,63.1
841525852,22.1,1008.94,35.95,22.8,63.1
841525853,22.1,1008.9,35.03,22.8,63.1
841525854,22.1,1008.94,36.2,22.8,63.1
841525855,22.1,1008.93,35.78,22.8,63.1
841525856,22.1,1008.91,36.11,22.8,63.1
841525857,22.1,1008.95,35.11,22.8,63.1
841525858,22.1,1008.96,36.2,22.8,63.1
841525859,22.1,1009.04,35.95,22.8,63.1
841525860,22.1,1008.96,35.95,22.8,63.1
841525861,22.1,1008.94,35.95,22.8,63.1
841525862,22.1,1008.9,35.36,22.8,63.1
841525863,22.1,1008.84,36.03,22.8,63.1
841525864,22.1,1008.94,35.78,22.8,63.1
841525865,22.1,1008.93,36.53,22.8,63.1
841525866,22.1,1008.93,35.86,22.8,63.1
841525867,22.1,1008.91,35.78,22.8,63.0
841525868,22.1,1008.96,36.7,22.8,63.0
841525869,22.1,1008.97,36.03,22.8,63.0
841525870,22.1,1008.87,35.61,22.8,63.0
841525871,22.1,1008.9,35.86,22.8,63.0
841525872,22.1,1008.97,36.03,22.8,63.1
841525873,22.1,1008.91,36.11,22.8,63.1
841525874,22.1,1008.89,36.2,22.8,63.0
841525875,22.1,1008.93,36.2,22.8,63.0
841525876,22.1,1008.9,35.7,22.8,63.1
841525877,22.1,1008.96,35.7,22.8,63.1
841525878,22.1,1008.95,36.03,22.8,63.1
841525879,22.1,1008.94,35.53,22.8,63.1
841525880,22.1,1008.99,35.45,22.8,63.1
841525881,22.1,1008.97,35.95,22.8,63.1
841525882,22.1,1008.96,36.03,22.8,63.1
841525883,22.1,1008.87,35.53,22.8,63.1
841525884,22.1,1008.93,36.03,22.8,63.1
841525885,22.1,1008.94,36.03,22.8,63.0
841525886,22.1,1008.95,35.78,22.8,63.0
841525887,22.1,1008.91,35.61,22.8,63.0
841525888,22.1,1009.0,35.7,22.8,63.0
841525889,22.1,1008.88,35.95,22.8,63.0
841525890,22.1,1009.0,35.78,22.8,63.0
841525891,22.1,1008.92,36.2,22.8,63.0
841525892,22.1,1008.85,37.12,22.8,63.1
841525893,22.1,1008.96,36.2,22.8,63.1
841525894,22.1,1008.94,35.95,22.8,63.1
841525895,22.1,1008.93,35.53,22.8,63.0
841525896,22.1,1008.97,35.61,22.8,63.0
841525897,22.1,1008.89,35.61,22.8,63.0
841525898,22.1,1008.91,36.78,22.8,63.0
841525899,22.1,1008.87,36.62,22.8,63.0
841525900,22.1,1008.94,35.61,22.8,63.0
841525901,22.1,1008.85,36.95,22.9,63.0
841525902,22.1,1008.91,36.45,22.9,63.0
841525903,22.1,1008.9,36.28,22.9,63.0
841525904,22.1,1008.87,35.61,22.9,63.0
841525905,22.1,1008.92,35.45,22.9,63.0
841525906,22.1,1008.98,36.11,22.8,63.0
841525907,22.1,1008.94,35.45,22.8,63.0
841525908,22.1,1008.94,35.86,22.8,63.0
841525909,22.1,1008.9,35.78,22.8,63.0
841525910,22.1,1008.91,36.2,22.8,63.0
841525911,22.1,1008.92,35.61,22.9,63.0
841525912,22.1,1009.0,35.86,22.9,63.0
841525913,22.1,1008.88,36.03,22.9,63.0
841525914,22.1,1008.97,35.53,22.9,63.0
841525915,22.1,1008.89,35.45,22.9,63.0
841525916,22.1,1009.0,35.78,22.9,63.0
841525917,22.1,1008.96,36.03,22.9,62.9
841525918,22.1,1009.01,35.7,22.9,62.9
841525919,22.1,1008.91,36.53,22.9,62.9
841525920,22.1,1008.91,36.45,22.9,62.9
841525921,22.1,1008.94,35.95,22.9,62.9
841525922,22.1,1008.9,35.61,22.9,62.9
841525923,22.1,1008.96,35.95,22.9,62.9
841525924,22.1,1009.0,35.7,22.9,62.9
841525925,22.1,1008.94,35.11,22.9,62.9
841525926,22.1,1008.93,37.03,22.9,62.9
841525927,22.1,1008.85,36.37,22.9,62.9
841525928,22.1,1009.0,35.36,22.9,62.9
841525929,22.1,1008.96,36.28,22.9,62.8
841525930,22.1,1008.89,36.62,22.9,62.8
841525931,22.1,1008.92,35.7,22.9,62.9
841525932,22.1,1008.94,36.45,22.9,62.9
841525933,22.1,1008.87,35.7,22.8,62.9
841525934,22.1,1008.95,35.7,22.8,62.9
841525935,22.1,1008.99,35.7,22.8,62.9
841525936,22.1,1008.95,35.7,22.9,62.9
841525937,22.1,1008.99,35.36,22.9,62.9
841525938,22.1,1009.03,35.45,22.9,62.9
841525939,22.1,1008.97,35.2,22.9,62.9
841525940,22.1,1008.91,35.7,22.8,62.9
841525941,22.1,1009.05,35.45,22.8,62.9
841525942,22.1,1008.9,35.28,22.8,62.9
841525943,22.1,1008.94,35.53,22.8,62.9
841525944,22.1,1008.97,35.7,22.8,62.9
841525945,22.1,1009.02,35.2,22.8,62.9
841525946,22.1,1008.84,36.95,22.8,62.9
841525947,22.1,1008.97,34.78,22.8,62.9
841525948,22.1,1008.93,34.69,22.8,62.9
841525949,22.1,1008.89,36.45,22.8,62.9
841525950,22.1,1008.88,35.45,22.8,62.9
841525951,22.1,1008.96,36.11,22.8,62.9
841525952,22.1,1008.9,35.45,22.8,62.9
841525953,22.1,1008.92,35.53,22.8,62.9
841525954,22.1,1008.88,36.7,22.9,62.9
841525955,22.1,1008.91,36.53,22.9,62.9
841525956,22.1,1008.91,36.7,22.8,62.9
841525957,22.1,1008.94,36.2,22.8,62.9
841525958,22.1,1008.91,35.95,22.8,62.9
841525959,22.1,1008.94,35.45,22.8,62.9
841525960,22.1,1008.91,36.2,22.8,62.9
841525961,22.1,1009.06,35.61,22.8,62.9
841525962,22.1,1008.88,36.45,22.8,62.9
841525963,22.1,1008.97,36.2,22.8,63.0
841525964,22.1,1008.94,36.11,22.8,63.0
841525965,22.1,1008.92,35.95,22.8,63.0
841525966,22.1,1008.96,35.95,22.8,63.0
841525967,22.1,1008.88,35.36,22.8,63.0
841525968,22.1,1008.97,36.37,22.8,63.0
841525969,22.1,1008.93,36.28,22.8,63.0
841525970,22.1,1008.99,35.45,22.8,62.9
841525971,22.1,1008.97,34.94,22.8,62.9
841525972,22.1,1008.97,35.53,22.8,63.0
841525973,22.1,1008.99,35.2,22.8,63.0
841525974,22.1,1009.08,36.03,22.8,63.0
841525975,22.1,1008.95,35.95,22.8,63.0
841525976,22.1,1008.96,34.69,22.8,63.0
841525977,22.1,1008.9,35.53,22.9,62.9
841525978,22.1,1008.99,35.78,22.9,62.9
841525979,22.1,1008.92,35.2,22.8,63.0
841525980,22.1,1008.97,35.36,22.8,63.0
841525981,22.1,1008.97,35.61,22.8,63.0
841525982,22.1,1008.93,36.45,22.8,63.0
841525983,22.1,1008.83,35.28,22.8,63.0
841525984,22.1,1008.99,35.78,22.8,63.0
841525985,22.1,1008.96,35.28,22.8,63.0
841525986,22.1,1008.93,35.11,22.9,63.0
841525987,22.1,1008.94,35.7,22.9,63.0
841525988,22.1,1008.89,36.2,22.8,63.0
841525989,22.1,1008.88,36.2,22.8,63.0
841525990,22.1,1009.02,35.45,22.8,63.0
841525991,22.1,1008.95,35.61,22.8,63.0
841525992,22.1,1008.94,36.28,22.8,63.0
841525993,22.2,1008.91,36.62,22.8,63.0
841525994,22.1,1008.92,36.03,22.8,63.0
841525995,22.1,1008.94,36.11,22.8,63.0
841525996,22.1,1008.95,35.86,22.8,63.0
841525997,22.2,1008.9,35.53,22.9,63.0
841525998,22.1,1008.94,36.28,22.9,63.0
841525999,22.2,1008.93,36.03,22.9,63.0
841526000,22.1,1008.97,35.53,22.8,63.0
841526001,22.1,1009.02,35.28,22.8,63.0
841526002,22.1,1009.0,35.95,22.8,62.9
841526003,22.1,1008.99,35.45,22.8,62.9
841526004,22.1,1009.01,35.78,22.8,62.9
841526005,22.1,1008.92,35.7,22.8,62.9
841526006,22.1,1008.99,35.53,22.8,62.9
841526007,22.1,1008.93,36.37,22.9,62.9
841526008,22.1,1008.97,35.78,22.9,62.9
841526009,22.1,1008.98,35.61,22.8,63.0
841526010,22.2,1008.9,36.2,22.8,63.0
841526011,22.1,1008.94,35.53,22.8,63.0
841526012,22.1,1008.92,36.28,22.8,63.0
841526013,22.1,1009.0,35.36,22.8,62.9
841526014,22.1,1008.98,36.03,22.8,62.9
841526015,22.2,1009.02,35.53,22.8,62.9
841526016,22.1,1008.91,35.95,22.8,63.0
841526017,22.1,1009.0,35.28,22.8,63.0
841526018,22.1,1009.0,36.62,22.9,62.9
841526019,22.1,1008.93,35.7,22.9,62.9
841526020,22.1,1008.97,36.28,22.9,63.0
841526021,22.1,1008.97,35.28,22.9,63.0
841526022,22.1,1008.94,35.11,22.9,63.0
841526023,22.1,1008.92,35.36,22.9,63.0
841526024,22.1,1008.93,36.11,22.9,63.0
841526025,22.1,1009.02,36.03,22.8,63.0
841526026,22.1,1008.93,35.7,22.8,63.0
841526027,22.1,1008.99,35.61,22.9,63.0
841526028,22.1,1008.94,35.53,22.9,63.0
841526029,22.1,1008.86,35.78,22.9,63.0
841526030,22.1,1009.01,36.03,22.9,63.0
841526031,22.1,1008.93,35.53,22.9,63.0
841526032,22.1,1008.9,35.11,22.8,63.0
841526033,22.1,1008.89,35.86,22.8,63.0
841526034,22.1,1008.92,36.28,22.9,63.0
841526035,22.1,1009.04,36.03,22.9,63.0
841526036,22.1,1008.94,36.37,22.8,62.9
841526037,22.1,1008.97,35.86,22.8,62.9
841526038,22.1,1008.97,35.2,22.8,62.9
841526039,22.1,1008.93,36.11,22.9,63.0
841526040,22.1,1008.89,35.86,22.9,63.0
841526041,22.1,1008.96,35.45,22.9,62.9
841526042,22.1,1008.9,35.7,22.9,62.9
841526043,22.1,1008.89,35.53,22.9,62.9
841526044,22.1,1008.9,36.11,22.9,62.9
841526045,22.1,1008.99,35.7,22.8,62.8
841526046,22.1,1008.83,36.53,22.8,62.8
841526047,22.1,1008.93,36.37,22.8,62.8
841526048,22.1,1008.88,35.45,22.8,62.9
841526049,22.1,1008.98,35.78,22.8,62.9
841526050,22.1,1008.9,36.03,22.8,62.8
841526051,22.1,1008.97,35.45,22.8,62.8
841526052,22.1,1008.98,35.36,22.8,62.9
841526053,22.1,1008.94,35.86,22.8,62.9
841526054,22.1,1008.89,36.2,22.8,62.9
841526055,22.1,1008.95,36.03,22.8,62.9
841526056,22.1,1008.99,35.53,22.8,62.9
841526057,22.1,1009.02,35.78,22.8,63.0
841526058,22.1,1008.91,35.36,22.8,63.0
841526059,22.1,1008.89,37.03,22.8,63.0
841526060,22.1,1008.91,36.11,22.8,63.0
841526061,22.1,1008.97,35.45,22.8,63.0
841526062,22.1,1009.0,35.36,22.8,63.0
841526063,22.2,1008.99,35.36,22.8,63.0
841526064,22.1,1009.0,35.95,22.8,63.0
841526065,22.1,1008.98,35.2,22.8,63.0
841526066,22.1,1009.02,35.78,22.7,63.1
841526067,22.1,1009.0,35.45,22.7,63.1
841526068,22.1,1008.96,35.7,22.7,63.1
841526069,22.1,1008.97,35.61,22.7,63.1
841526070,22.1,1008.93,36.03,22.7,63.1
841526071,22.1,1008.94,36.2,22.8,63.2
841526072,22.1,1008.93,35.11,22.8,63.2
841526073,22.1,1008.92,35.86,22.7,63.1
841526074,22.1,1008.98,36.53,22.7,63.1
841526075,22.1,1009.0,35.95,22.7,63.2
841526076,22.1,1008.93,36.03,22.7,63.2
841526077,22.1,1008.96,36.53,22.8,63.2
841526078,22.1,1008.99,36.7,22.8,63.2
841526079,22.1,1009.02,35.78,22.8,63.2
841526080,22.1,1008.96,35.61,22.7,63.2
841526081,22.1,1008.92,35.78,22.7,63.2
841526082,22.1,1008.91,36.03,22.8,63.2
841526083,22.1,1008.91,35.53,22.8,63.2
841526084,22.1,1008.9,35.28,22.8,63.2
841526085,22.1,1008.9,36.45,22.8,63.2
841526086,22.1,1008.87,36.03,22.8,63.2
841526087,22.1,1008.88,36.53,22.8,63.2
841526088,22.1,1008.89,35.45,22.8,63.2
841526089,22.1,1008.91,35.95,22.7,63.2
841526090,22.1,1008.91,36.11,22.7,63.2
841526091,22.1,1008.94,36.2,22.7,63.3
841526092,22.1,1008.9,36.2,22.7,63.3
841526093,22.1,1009.01,35.95,22.8,63.2
841526094,22.1,1009.0,35.78,22.8,63.2
841526095,22.1,1008.84,36.28,22.8,63.2
841526096,22.1,1009.0,35.7,22.7,63.2
841526097,22.1,1008.93,35.28,22.7,63.2
841526098,22.1,1008.99,36.2,22.7,63.2
841526099,22.1,1008.96,35.53,22.7,63.2
841526100,22.1,1008.92,36.03,22.7,63.2
841526101,22.1,1009.0,35.86,22.7,63.2
841526102,22.1,1008.99,36.28,22.7,63.2
841526103,22.1,1008.91,36.03,22.7,63.2
841526104,22.1,1008.92,35.53,22.7,63.2
841526105,22.1,1008.97,36.45,22.7,63.2
841526106,22.1,1008.9,35.53,22.7,63.2
841526107,22.1,1008.91,35.78,22.7,63.2
841526108,22.1,1009.02,35.53,22.7,63.2
841526109,22.1,1008.93,35.36,22.7,63.3
841526110,22.1,1008.99,35.95,22.7,63.3
841526111,22.1,1009.05,35.36,22.7,63.3
841526112,22.0,1009.0,35.53,22.6,63.3
841526113,22.1,1008.92,35.28,22.6,63.3
841526114,22.0,1008.95,36.37,22.6,63.3
841526115,22.0,1008.99,35.28,22.6,63.3
841526116,22.0,1008.94,35.2,22.6,63.3
841526117,22.0,1008.99,35.78,22.6,63.3
841526118,22.0,1008.93,35.95,22.6,63.3
841526119,22.0,1008.79,35.78,22.6,63.3
841526120,22.0,1008.97,35.95,22.6,63.3
841526121,22.0,1008.95,35.45,22.6,63.4
841526122,22.0,1008.98,36.11,22.6,63.4
841526123,22.0,1008.92,35.95,22.6,63.4
841526124,22.0,1008.95,35.78,22.6,63.4
841526125,22.0,1008.92,35.36,22.6,63.4
841526126,22.0,1008.94,36.03,22.6,63.4
841526127,22.0,1008.86,35.86,22.6,63.4
841526128,22.0,1008.96,35.78,22.6,63.5
841526129,22.0,1008.92,35.7,22.6,63.5
841526130,22.0,1008.9,35.53,22.6,63.5
841526131,22.0,1008.92,36.62,22.6,63.5
841526132,22.0,1008.97,35.11,22.5,63.6
841526133,22.0,1008.98,35.36,22.5,63.6
841526134,22.0,1008.85,36.87,22.5,63.6
841526135,22.0,1008.91,35.7,22.5,63.6
841526136,22.0,1008.99,35.11,22.5,63.6
841526137,22.0,1008.89,35.95,22.5,63.6
841526138,22.0,1008.92,35.7,22.5,63.6
841526139,22.0,1009.0,36.78,22.5,63.6
841526140,22.0,1008.95,35.78,22.5,63.6
841526141,22.0,1009.08,35.78,22.5,63.7
841526142,22.0,1008.95,35.28,22.5,63.7
841526143,22.0,1008.9,36.95,22.5,63.7
841526144,22.0,1008.91,36.03,22.5,63.7
841526145,22.0,1008.98,36.11,22.5,63.7
841526146,22.0,1008.88,35.95,22.5,63.7
841526147,22.0,1008.94,35.61,22.5,63.7
841526148,22.0,1008.94,35.86,22.6,63.8
841526149,22.0,1008.9,36.28,22.6,63.8
841526150,22.0,1008.98,36.53,22.6,63.8
841526151,22.0,1008.92,35.78,22.5,63.7
841526152,22.0,1008.94,36.45,22.5,63.7
841526153,22.0,1008.98,35.45,22.5,63.7
841526154,22.0,1009.04,36.03,22.5,63.7
841526155,22.0,1008.96,36.62,22.5,63.8
841526156,22.0,1008.89,35.86,22.5,63.8
841526157,22.0,1008.95,36.03,22.5,63.8
841526158,22.0,1008.98,35.61,22.5,63.8
841526159,22.0,1008.95,36.45,22.5,63.8
841526160,22.0,1008.95,36.03,22.5,63.8
841526161,22.0,1008.97,35.78,22.5,63.8
841526162,22.0,1009.04,35.36,22.6,63.8
841526222,22.0,1008.92,36.62,22.6,63.8
841526222,22.0,1008.95,35.11,22.6,63.8
841526222,22.0,1009.0,35.7,22.6,63.8
841526223,22.0,1008.89,35.53,22.6,63.7
841526223,22.0,1008.96,36.37,22.6,63.7
841526224,22.0,1008.96,36.37,22.6,63.7
841526225,22.0,1008.88,35.95,22.6,63.7
841526226,22.1,1008.84,36.28,22.6,63.7
841526227,22.0,1008.9,35.95,22.6,63.7
841526228,22.0,1008.92,35.7,22.6,63.7
841526229,22.0,1008.96,36.11,22.6,63.7
841526230,22.0,1008.83,35.36,22.6,63.7
841526231,22.0,1008.89,35.11,22.6,63.7
841526232,22.0,1008.89,35.45,22.6,63.7
841526233,22.0,1008.91,36.53,22.6,63.7
841526234,22.0,1008.9,35.36,22.6,63.7
841526235,22.0,1008.96,35.78,22.6,63.7
841526236,22.0,1008.91,36.95,22.6,63.7
841526237,22.0,1008.85,36.53,22.6,63.7
841526238,22.0,1008.86,36.37,22.6,63.7
841526239,22.1,1008.88,36.53,22.6,63.7
841526240,22.1,1008.89,36.2,22.6,63.7
841526241,22.0,1009.02,35.45,22.6,63.7
841526242,22.0,1008.82,36.7,22.6,63.7
841526243,22.0,1008.87,35.86,22.6,63.7
841526244,22.0,1008.91,35.36,22.6,63.7
841526245,22.0,1008.96,35.95,22.6,63.7
841526246,22.0,1009.01,36.7,22.6,63.7
841526247,22.0,1008.94,35.7,22.6,63.7
841526248,22.0,1008.93,36.62,22.6,63.7
841526249,22.0,1008.81,37.78,22.6,63.7
841526250,22.0,1008.83,36.37,22.6,63.7
841526251,22.0,1008.8,36.45,22.6,63.7
841526252,22.0,1008.83,37.03,22.6,63.7
841526253,22.0,1008.95,36.2,22.6,63.6
841526254,22.0,1008.88,35.11,22.6,63.6
841526255,22.0,1008.91,36.37,22.6,63.6
841526256,22.0,1008.87,36.78,22.6,63.7
841526257,22.0,1008.85,36.53,22.6,63.7
841526258,22.0,1008.89,35.7,22.6,63.7
841526259,22.0,1008.97,36.28,22.6,63.7
841526260,22.0,1008.89,35.95,22.6,63.7
841526261,22.0,1008.9,36.37,22.6,63.7
841526262,22.0,1008.94,36.28,22.6,63.7
841526263,22.0,1008.87,36.45,22.6,63.7
841526264,22.0,1008.92,36.37,22.6,63.7
841526265,22.0,1008.85,36.28,22.6,63.7
841526266,22.0,1008.92,36.78,22.6,63.7
841526267,22.0,1008.8,37.12,22.6,63.7
841526268,22.0,1008.87,36.78,22.6,63.7
841526269,22.0,1008.91,36.11,22.6,63.7
841526270,22.0,1008.8,36.03,22.6,63.7
841526271,22.0,1008.89,36.45,22.6,63.7
841526272,22.0,1008.92,35.61,22.6,63.7
841526273,22.0,1008.88,35.78,22.6,63.7
841526274,22.0,1008.82,36.28,22.6,63.7
841526275,22.0,1008.83,36.45,22.6,63.7
841526276,22.0,1008.84,36.03,22.5,63.7
841526277,22.0,1008.92,36.7,22.5,63.7
841526278,22.0,1008.79,36.7,22.5,63.7
841526279,22.0,1008.88,35.86,22.5,63.7
841526280,22.0,1008.91,35.86,22.5,63.7
841526281,22.0,1008.92,35.2,22.5,63.7
841526282,22.0,1008.86,36.2,22.5,63.7
841526283,22.0,1008.89,36.95,22.5,63.7
841526284,22.0,1008.93,35.95,22.5,63.7
841526285,22.0,1008.84,36.53,22.5,63.8
841526286,22.0,1008.85,35.78,22.5,63.8
841526287,22.0,1008.95,35.7,22.5,63.8
841526288,22.0,1008.81,36.37,22.5,63.8
841526289,22.0,1008.9,35.95,22.5,63.8
841526290,21.9,1008.89,36.28,22.5,63.9
841526291,22.0,1008.84,35.61,22.5,63.9
841526292,22.0,1008.87,36.78,22.4,63.9
841526293,21.9,1008.84,36.53,22.4,63.9
841526294,21.9,1008.9,35.78,22.4,63.9
841526295,21.9,1008.86,36.7,22.4,63.9
841526296,21.9,1008.87,36.7,22.4,63.9
841526297,22.0,1008.91,36.28,22.4,64.0
841526298,21.9,1008.86,36.11,22.4,64.0
841526299,21.9,1008.84,36.28,22.4,64.0
841526300,21.9,1008.97,36.2,22.4,64.0
841526301,21.9,1008.96,36.11,22.4,64.0
841526302,21.9,1008.9,35.28,22.4,64.0
841526303,21.9,1008.86,36.37,22.4,64.0
841526304,21.9,1008.9,36.28,22.4,64.1
841526305,21.9,1008.83,36.45,22.4,64.1
841526306,21.9,1008.79,36.7,22.4,64.1
841526307,21.9,1008.9,36.28,22.4,64.1
841526308,21.9,1008.92,36.03,22.3,64.1
841526309,21.9,1008.91,36.45,22.3,64.1
841526310,21.9,1008.92,36.03,22.3,64.1
841526311,21.9,1008.89,36.03,22.3,64.2
841526312,21.9,1008.91,36.45,22.3,64.2
841526313,21.9,1008.92,36.28,22.3,64.3
841526314,21.9,1008.9,35.45,22.3,64.3
841526315,21.9,1008.91,36.7,22.3,64.2
841526316,21.9,1008.96,35.61,22.3,64.2
841526317,21.9,1008.87,36.03,22.3,64.2
841526318,21.9,1008.93,35.86,22.3,64.2
841526319,21.9,1008.94,35.61,22.3,64.2
841526320,21.9,1008.94,35.45,22.3,64.3
841526321,21.9,1008.9,35.45,22.3,64.3
841526322,21.9,1008.9,36.7,22.3,64.3
841526323,21.9,1008.89,36.11,22.3,64.3
841526324,21.9,1008.94,36.28,22.3,64.4
841526325,21.9,1008.88,35.95,22.3,64.4
841526326,21.9,1008.91,35.36,22.3,64.4
841526327,21.9,1008.91,35.95,22.3,64.4
841526328,21.9,1008.87,35.95,22.3,64.4
841526329,21.9,1008.9,36.28,22.3,64.5
841526330,21.9,1008.9,36.7,22.3,64.5
841526331,21.9,1008.88,35.7,22.3,64.5
841526332,21.9,1008.91,36.37,22.3,64.5
841526333,21.9,1008.78,36.95,22.3,64.5
841526334,21.9,1008.87,36.53,22.3,64.5
841526335,21.9,1008.9,35.7,22.3,64.5
841526336,21.9,1008.94,35.28,22.3,64.5
841526337,21.9,1008.9,35.11,22.3,64.5
841526338,21.9,1008.87,36.2,22.3,64.6
841526339,21.9,1008.94,36.11,22.3,64.6
841526340,21.9,1008.83,36.37,22.2,64.6
841526341,21.9,1008.88,36.03,22.2,64.6
841526342,21.9,1008.93,36.28,22.2,64.6
841526343,21.9,1008.94,36.03,22.2,64.6
841526344,21.9,1008.96,35.95,22.2,64.6
841526345,21.9,1008.88,36.2,22.2,64.7
841526346,21.9,1008.9,36.62,22.2,64.7
841526347,21.9,1008.96,36.11,22.2,64.7
841526348,21.9,1008.8,36.7,22.2,64.7
841526349,21.9,1008.84,37.12,22.2,64.7
841526350,21.9,1008.85,36.03,22.2,64.7
841526351,21.9,1008.91,36.2,22.2,64.7
841526352,21.9,1008.87,36.45,22.2,64.8
841526353,21.9,1008.78,36.7,22.2,64.8
841526354,21.9,1008.86,36.45,22.2,64.8
841526355,21.9,1008.9,36.03,22.2,64.8
841526356,21.9,1008.91,35.95,22.2,64.8
841526357,21.9,1008.86,36.53,22.2,64.8
841526358,21.9,1008.88,36.53,22.2,64.8
841526359,21.9,1008.84,36.03,22.2,64.8
841526360,21.9,1008.92,35.78,22.2,64.8
841526361,21.9,1008.9,35.95,22.2,64.9
841526362,21.9,1008.9,36.03,22.2,64.9
841526363,21.9,1008.91,36.37,22.2,64.8
841526364,21.9,1008.78,37.2,22.2,64.8
841526365,21.9,1008.9,35.86,22.2,64.9
841526366,21.9,1008.91,35.78,22.2,64.9
841526367,21.9,1008.88,36.37,22.2,64.9
841526368,21.9,1008.82,36.53,22.2,64.8
841526369,21.9,1008.81,36.45,22.2,64.8
841526370,21.9,1008.85,36.28,22.2,64.9
841526371,21.9,1008.91,37.03,22.2,64.9
841526372,21.9,1008.9,36.11,22.2,64.9
841526373,21.9,1008.83,37.03,22.2,64.9
841526374,21.9,1008.87,35.95,22.2,64.9
841526375,21.9,1008.88,36.03,22.2,64.9
841526376,21.9,1008.85,36.28,22.2,64.9
841526377,21.9,1008.76,37.03,22.2,64.9
841526378,21.9,1008.87,36.62,22.2,64.9
841526379,21.9,1008.8,36.53,22.2,64.9
841526380,21.9,1008.87,36.2,22.2,64.9
841526381,21.9,1008.9,36.95,22.2,64.9
841526382,21.9,1008.94,35.95,22.2,64.9
841526383,21.9,1008.81,36.37,22.2,64.9
841526384,21.9,1008.89,36.7,22.2,64.9
841526385,21.9,1008.88,36.37,22.2,64.9
841526386,21.9,1008.92,35.78,22.2,64.9
841526387,21.9,1008.76,37.03,22.2,64.9
841526388,21.9,1008.86,36.78,22.2,64.9
841526389,21.9,1008.84,37.28,22.2,64.9
841526390,21.9,1008.88,36.87,22.2,64.9
841526391,21.9,1008.94,35.95,22.3,64.9
841526392,21.9,1008.88,36.53,22.3,64.9
841526393,21.9,1008.84,37.03,22.2,64.9
841526394,21.9,1008.92,36.28,22.2,64.9
841526395,21.9,1008.84,36.03,22.3,64.9
841526396,21.9,1008.86,36.78,22.3,64.9
841526397,21.9,1008.86,36.87,22.3,64.9
841526398,21.9,1008.88,36.45,22.3,64.9
841526399,21.9,1008.91,37.12,22.3,64.9
841526400,21.9,1008.87,36.78,22.3,64.8
841526401,21.9,1008.89,36.62,22.3,64.8
841526402,22.0,1008.89,36.11,22.3,64.8
841526462,22.0,1008.89,36.37,22.3,64.8
841526462,21.9,1008.91,36.78,22.3,64.8
841526462,22.0,1008.86,36.03,22.3,64.8
841526463,22.0,1008.84,36.7,22.3,64.8
841526463,22.0,1008.82,37.03,22.3,64.8
841526465,22.0,1008.79,36.62,22.3,64.9
841526465,22.0,1008.81,37.7,22.3,64.9
841526466,22.0,1008.86,36.62,22.3,64.8
841526467,22.0,1008.86,36.11,22.3,64.8
841526468,22.0,1008.88,36.37,22.3,64.8
841526469,22.0,1008.85,36.11,22.3,64.8
841526470,22.0,1008.82,36.78,22.3,64.8
841526471,22.0,1008.83,36.78,22.3,64.8
841526472,22.0,1008.76,36.7,22.3,64.8
841526474,22.0,1008.78,38.04,22.3,64.8
841526474,22.0,1008.85,36.7,22.3,64.8
841526475,22.0,1008.9,36.95,22.3,64.8
841526476,22.0,1008.76,37.28,22.3,64.8
841526477,22.0,1008.7,37.95,22.3,64.8
841526478,22.0,1008.87,36.7,22.3,64.8
841526479,22.0,1008.88,36.53,22.3,64.8
841526480,22.0,1008.74,37.37,22.3,64.7
841526481,22.0,1008.72,37.12,22.3,64.7
841526483,22.0,1008.79,36.78,22.3,64.7
841526483,22.0,1008.82,37.37,22.3,64.7
841526485,22.0,1008.92,36.11,22.3,64.8
841526485,22.0,1008.84,36.45,22.3,64.8
841526486,22.0,1008.78,37.2,22.3,64.8
841526487,22.0,1008.9,36.37,22.3,64.8
841526488,22.0,1008.87,35.78,22.3,64.8
841526489,22.0,1008.83,36.62,22.3,64.8
841526490,22.0,1008.81,36.28,22.3,64.8
841526492,22.0,1008.81,36.11,22.3,64.8
841526492,22.0,1008.91,36.28,22.3,64.8
841526494,22.0,1008.83,36.28,22.3,64.8
841526494,22.0,1008.85,36.2,22.3,64.8
841526495,22.1,1008.79,36.95,22.3,64.8
841526496,22.0,1008.85,36.95,22.3,64.9
841526498,22.1,1008.91,36.37,22.3,64.9
841526498,22.1,1008.9,36.2,22.3,64.9
841526499,22.0,1008.81,37.03,22.3,64.9
841526501,22.1,1008.87,37.12,22.3,64.9
841526501,22.0,1008.88,36.62,22.3,64.9
841526503,22.0,1008.87,37.53,22.3,64.9
841526503,22.0,1008.87,36.62,22.3,64.9
841526504,22.0,1008.87,37.03,22.3,64.9
841526505,22.0,1008.86,36.2,22.3,64.9
841526507,22.0,1008.9,35.7,22.3,64.9
841526507,22.0,1008.91,36.11,22.3,64.9
841526508,22.1,1008.85,37.62,22.3,64.9
841526510,22.1,1008.87,36.2,22.3,64.9
841526510,22.0,1008.84,37.28,22.3,64.9
841526512,22.1,1008.83,36.45,22.3,64.9
841526512,22.1,1008.87,36.28,22.3,64.9
841526513,22.1,1008.95,36.45,22.3,64.9
841526514,22.1,1008.84,37.03,22.3,64.9
841526516,22.1,1008.87,36.11,22.3,64.9
841526516,22.1,1008.9,35.7,22.3,65.0
841526517,22.0,1008.83,36.7,22.3,65.0
841526519,22.1,1008.86,36.37,22.3,65.0
841526519,22.1,1008.88,36.95,22.3,65.0
841526521,22.1,1008.84,35.61,22.3,65.0
841526521,22.0,1008.88,35.78,22.3,65.1
841526523,22.1,1008.76,36.53,22.3,65.1
841526523,22.1,1008.82,35.36,22.3,65.1
841526525,22.1,1008.83,36.62,22.3,65.1
841526525,22.1,1008.87,36.95,22.3,65.1
841526526,22.1,1008.92,35.95,22.3,65.1
841526528,22.0,1008.84,36.95,22.3,65.1
841526528,22.1,1008.88,37.03,22.3,65.1
841526530,22.1,1008.75,37.03,22.3,65.1
841526530,22.0,1008.85,36.95,22.3,65.0
841526531,22.1,1008.86,36.62,22.3,65.0
841526532,22.1,1008.89,36.7,22.3,65.0
841526534,22.1,1008.89,36.03,22.3,65.0
841526534,22.1,1008.82,36.95,22.3,65.0
841526535,22.1,1008.71,37.37,22.3,65.1
841526537,22.1,1008.85,36.7,22.3,65.1
841526537,22.1,1008.85,36.45,22.3,65.0
841526539,22.1,1008.82,36.95,22.3,65.0
841526539,22.1,1008.79,36.2,22.3,65.0
841526540,22.1,1008.87,36.37,22.3,65.0
841526541,22.1,1008.81,37.2,22.3,65.0
841526543,22.1,1008.83,36.78,22.3,65.0
841526543,22.1,1008.86,36.53,22.3,65.0
841526544,22.1,1008.82,37.53,22.4,65.0
841526546,22.1,1008.8,36.62,22.4,65.0
841526546,22.1,1008.82,37.37,22.3,64.9
841526548,22.1,1008.78,36.7,22.3,64.9
841526548,22.1,1008.9,36.53,22.4,64.9
841526549,22.1,1008.81,36.2,22.4,64.9
841526550,22.1,1008.93,35.86,22.4,64.9
841526552,22.1,1008.88,37.12,22.4,64.9
841526553,22.1,1008.83,36.28,22.4,64.9
841526553,22.1,1008.8,36.53,22.4,64.9
841526555,22.1,1008.8,37.03,22.4,64.9
841526555,22.1,1008.82,37.53,22.4,64.9
841526556,22.1,1008.83,36.28,22.4,64.9
841526558,22.1,1008.82,36.62,22.4,64.8
841526558,22.1,1008.87,37.53,22.4,64.8
841526559,22.1,1008.88,37.2,22.4,64.8
841526560,22.1,1008.92,36.53,22.4,64.7
841526562,22.1,1008.77,36.7,22.4,64.7
841526562,22.1,1008.8,36.78,22.4,64.8
841526564,22.1,1008.78,36.7,22.4,64.8
841526565,22.1,1008.85,36.7,22.3,64.7
841526565,22.1,1008.74,36.45,22.3,64.7
841526567,22.1,1008.87,36.37,22.3,64.7
841526567,22.1,1008.87,36.53,22.3,64.7
841526568,22.1,1008.87,36.2,22.3,64.7
841526570,22.1,1008.85,37.03,22.4,64.7
841526571,22.1,1008.8,37.45,22.4,64.7
841526571,22.1,1008.82,35.86,22.4,64.6
841526573,22.1,1008.85,36.87,22.4,64.6
841526573,22.1,1008.86,36.7,22.4,64.6
841526575,22.1,1008.81,36.7,22.4,64.6
841526576,22.1,1008.91,36.78,22.4,64.6
841526576,22.1,1008.89,36.37,22.4,64.6
841526577,22.1,1008.92,35.86,22.4,64.6
841526578,22.1,1008.84,36.87,22.4,64.6
841526580,22.1,1008.95,35.86,22.4,64.6
841526580,22.1,1008.88,35.86,22.4,64.6
841526582,22.1,1008.88,36.03,22.4,64.6
841526582,22.1,1008.84,36.28,22.4,64.6
841526584,22.1,1008.75,37.45,22.4,64.6
841526584,22.1,1008.79,36.03,22.4,64.6
841526585,22.1,1008.8,36.78,22.3,64.6
841526586,22.1,1008.91,35.86,22.3,64.6
841526588,22.1,1008.92,36.53,22.4,64.6
841526589,22.1,1008.87,36.11,22.4,64.6
841526589,22.1,1008.8,36.78,22.4,64.6
841526591,22.1,1008.84,36.78,22.4,64.6
841526591,22.1,1008.95,35.86,22.4,64.6
841526593,22.1,1008.93,36.37,22.4,64.6
841526594,22.1,1008.9,36.62,22.4,64.6
841526595,22.1,1008.9,36.45,22.4,64.6
841526596,22.1,1008.9,36.11,22.4,64.6
841526597,22.1,1008.91,37.03,22.4,64.6
841526598,22.1,1008.94,36.28,22.4,64.6
841526598,22.1,1008.88,36.2,22.4,64.6
841526600,22.1,1008.96,36.2,22.4,64.6
841526600,22.1,1008.89,37.2,22.4,64.6
841526602,22.1,1008.83,36.11,22.3,64.6
841526603,22.2,1008.82,37.87,22.3,64.6
841526603,22.1,1008.82,36.37,22.3,64.6
841526604,22.1,1008.93,36.37,22.3,64.6
841526606,22.1,1008.8,36.87,22.3,64.7
841526607,22.2,1008.89,36.7,22.3,64.7
841526607,22.1,1008.92,36.53,22.3,64.7
841526609,22.1,1008.86,37.03,22.4,64.7
841526609,22.1,1008.85,36.37,22.4,64.7
841526611,22.1,1008.81,36.87,22.3,64.7
841526612,22.1,1008.75,35.7,22.3,64.7
841526613,22.1,1008.87,36.7,22.3,64.7
841526613,22.1,1008.89,36.28,22.3,64.7
841526615,22.1,1008.89,36.11,22.3,64.7
841526616,22.1,1008.87,36.78,22.3,64.7
841526616,22.1,1008.78,36.53,22.3,64.7
841526618,22.1,1008.85,36.37,22.3,64.7
841526619,22.1,1008.87,35.78,22.3,64.7
841526620,22.1,1008.8,37.12,22.4,64.8
841526621,22.2,1008.75,36.53,22.4,64.8
841526622,22.1,1008.9,36.11,22.3,64.7
841526623,22.1,1008.77,36.11,22.3,64.7
841526624,22.1,1008.89,36.45,22.3,64.7
841526625,22.1,1008.94,35.95,22.3,64.7
841526626,22.2,1008.9,36.7,22.3,64.7
841526627,22.1,1008.85,36.03,22.3,64.7
841526628,22.1,1008.96,36.62,22.3,64.7
841526629,22.1,1008.92,36.53,22.3,64.7
841526630,22.1,1008.98,36.37,22.3,64.7
841526631,22.1,1008.9,36.62,22.3,64.7
841526632,22.1,1008.95,36.11,22.3,64.7
841526633,22.1,1008.91,36.03,22.3,64.7
841526634,22.1,1008.93,35.78,22.3,64.8
841526635,22.1,1008.91,36.28,22.3,64.8
841526636,22.1,1008.96,36.2,22.4,64.7
841526637,22.1,1008.97,36.11,22.4,64.7
841526638,22.1,1008.98,36.11,22.4,64.7
841526639,22.1,1008.86,36.03,22.4,64.7
841526640,22.1,1008.89,35.78,22.4,64.7
841526641,22.1,1008.92,35.86,22.4,64.7
841526642,22.1,1008.89,35.78,22.4,64.7
841526643,22.1,1008.93,35.53,22.4,64.7
841526644,22.1,1008.8,36.62,22.4,64.7
841526645,22.1,1008.92,35.78,22.4,64.8
841526646,22.1,1008.86,37.2,22.4,64.8
841526647,22.1,1008.94,36.03,22.4,64.8
841526648,22.1,1008.95,36.03,22.4,64.7
841526649,22.1,1008.91,36.37,22.4,64.7
841526650,22.1,1008.89,36.87,22.4,64.7
841526651,22.1,1008.9,36.03,22.4,64.7
841526652,22.1,1008.87,36.87,22.4,64.7
841526653,22.1,1008.86,36.45,22.4,64.7
841526654,22.1,1008.84,36.62,22.4,64.8
841526655,22.1,1008.9,36.95,22.4,64.8
841526656,22.1,1008.8,37.45,22.4,64.8
841526657,22.1,1008.92,36.87,22.4,64.8
841526658,22.1,1008.81,36.53,22.4,64.8
841526659,22.1,1008.79,36.37,22.4,64.7
841526660,22.1,1008.85,35.95,22.4,64.7
841526661,22.1,1008.86,36.95,22.4,64.7
841526662,22.1,1008.91,36.03,22.4,64.7
841526663,22.1,1008.81,36.11,22.4,64.7
841526664,22.1,1008.84,36.95,22.4,64.7
841526665,22.1,1008.85,36.11,22.4,64.7
841526666,22.1,1008.88,35.86,22.4,64.7
841526667,22.1,1008.9,35.95,22.4,64.7
841526668,22.1,1008.76,37.03,22.5,64.6
841526669,22.1,1008.85,36.37,22.5,64.6
841526670,22.1,1008.8,36.53,22.4,64.6
841526671,22.1,1008.82,36.37,22.4,64.6
841526672,22.1,1008.85,36.2,22.4,64.6
841526673,22.1,1008.83,36.78,22.4,64.6
841526674,22.1,1008.81,36.62,22.4,64.6
841526675,22.1,1008.84,36.28,22.4,64.6
841526676,22.1,1008.75,37.78,22.4,64.6
841526677,22.1,1008.7,36.95,22.4,64.6
841526678,22.1,1008.88,36.2,22.4,64.6
841526679,22.1,1008.89,35.95,22.4,64.6
841526680,22.1,1008.81,36.37,22.5,64.6
841526681,22.1,1008.78,36.87,22.5,64.6
841526682,22.1,1008.87,36.37,22.5,64.5
841526683,22.1,1008.86,36.7,22.5,64.5
841526684,22.1,1008.87,37.87,22.5,64.5
841526685,22.1,1008.78,36.03,22.5,64.5
841526686,22.1,1008.87,37.53,22.5,64.5
841526687,22.1,1008.86,36.7,22.5,64.5
841526688,22.1,1008.87,36.7,22.5,64.5
841526689,22.1,1008.81,36.78,22.5,64.5
841526690,22.1,1008.88,35.95,22.5,64.5
841526691,22.1,1008.91,36.45,22.5,64.5
841526692,22.1,1008.87,36.2,22.5,64.5
841526693,22.1,1008.88,36.87,22.5,64.4
841526694,22.1,1008.87,36.95,22.5,64.4
841526695,22.1,1008.91,36.78,22.5,64.4
841526696,22.1,1008.89,36.7,22.5,64.4
841526697,22.1,1008.85,36.2,22.5,64.4
841526698,22.1,1008.85,36.62,22.5,64.4
841526699,22.1,1008.89,36.53,22.5,64.4
841526700,22.1,1008.87,35.7,22.5,64.4
841526701,22.1,1008.87,37.12,22.5,64.4
841526702,22.1,1008.88,37.03,22.5,64.4
841526703,22.1,1008.75,36.62,22.5,64.4
841526704,22.1,1008.89,36.45,22.5,64.4
841526705,22.1,1008.9,35.78,22.5,64.4
841526706,22.1,1008.79,37.03,22.5,64.4
841526707,22.1,1008.87,36.53,22.5,64.4
841526708,22.1,1008.79,37.2,22.5,64.4
841526709,22.1,1008.82,36.78,22.5,64.4
841526710,22.1,1008.88,36.87,22.5,64.4
841526711,22.1,1008.92,36.37,22.5,64.4
841526712,22.1,1008.72,37.12,22.5,64.3
841526713,22.1,1008.77,37.12,22.5,64.3
841526714,22.1,1008.82,36.45,22.5,64.3
841526715,22.1,1008.91,35.78,22.5,64.3
841526716,22.1,1008.83,37.37,22.5,64.3
841526717,22.1,1008.88,36.53,22.5,64.3
841526718,22.1,1008.94,35.95,22.5,64.3
841526719,22.1,1008.88,36.53,22.5,64.3
841526720,22.1,1008.87,35.86,22.5,64.3
841526721,22.1,1008.88,36.53,22.5,64.3
841526722,22.1,1008.93,36.37,22.5,64.3
841526723,22.1,1008.87,36.03,22.5,64.3
841526724,22.1,1008.86,36.37,22.5,64.3
841526725,22.1,1008.8,37.7,22.5,64.3
841526726,22.1,1008.94,36.95,22.5,64.3
841526727,22.1,1008.87,36.45,22.5,64.3
841526728,22.1,1008.9,36.28,22.5,64.3
841526729,22.1,1008.88,36.78,22.5,64.3
841526730,22.1,1008.85,36.53,22.5,64.3
841526731,22.1,1008.81,37.28,22.5,64.3
841526732,22.1,1008.88,36.78,22.4,64.3
841526733,22.1,1008.81,36.95,22.4,64.3
841526734,22.1,1008.88,36.7,22.5,64.3
841526735,22.1,1008.88,36.7,22.5,64.3
841526736,22.1,1008.72,37.53,22.5,64.3
841526737,22.1,1008.83,35.95,22.4,64.3
841526738,22.1,1008.88,36.03,22.4,64.3
841526739,22.1,1008.9,37.12,22.5,64.3
841526740,22.1,1008.86,36.78,22.5,64.3
841526741,22.1,1008.77,37.03,22.4,64.3
841526742,22.1,1008.88,36.28,22.4,64.3
841526743,22.1,1008.81,37.37,22.4,64.3
841526744,22.1,1008.84,37.87,22.4,64.3
841526745,22.1,1008.82,37.03,22.4,64.3
841526746,22.1,1008.86,36.62,22.4,64.3
841526747,22.1,1008.78,36.53,22.4,64.3
841526748,22.1,1008.81,37.12,22.4,64.3
841526749,22.1,1008.85,36.53,22.4,64.3
841526750,22.1,1008.9,35.7,22.4,64.4
841526751,22.1,1008.87,36.11,22.4,64.4
841526752,22.1,1008.84,36.7,22.4,64.4
841526753,22.1,1008.84,36.11,22.5,64.4
841526754,22.1,1008.86,36.78,22.5,64.4
841526755,22.1,1008.83,36.37,22.5,64.4
841526756,22.1,1008.81,36.95,22.5,64.4
841526757,22.1,1008.83,36.2,22.5,64.4
841526758,22.1,1008.82,36.28,22.5,64.4
841526759,22.1,1008.84,36.62,22.5,64.4
841526760,22.1,1008.88,35.95,22.4,64.4
841526761,22.1,1008.93,36.37,22.4,64.4
841526762,22.1,1008.87,35.7,22.5,64.4
841526763,22.1,1008.94,36.11,22.5,64.4
841526764,22.1,1008.93,35.78,22.5,64.4
841526765,22.1,1008.88,36.45,22.5,64.4
841526766,22.1,1008.92,35.78,22.5,64.4
841526767,22.1,1008.93,35.45,22.5,64.4
841526768,22.1,1008.95,36.11,22.5,64.4
841526769,22.1,1008.97,36.2,22.5,64.4
841526770,22.1,1008.86,36.2,22.5,64.4
841526771,22.1,1008.85,36.03,22.5,64.4
841526772,22.1,1008.77,37.03,22.5,64.4
841526773,22.1,1008.98,36.2,22.5,64.4
841526774,22.1,1008.94,35.53,22.5,64.4
841526775,22.1,1008.8,36.7,22.5,64.4
841526776,22.1,1008.94,36.87,22.5,64.4
841526777,22.1,1008.92,36.28,22.5,64.4
841526778,22.1,1008.95,35.7,22.5,64.4
841526779,22.1,1008.95,35.7,22.5,64.4
841526780,22.1,1008.88,36.2,22.5,64.3
841526781,22.1,1008.9,36.11,22.5,64.3
841526782,22.1,1008.89,37.03,22.5,64.4
841526783,22.1,1008.98,35.95,22.5,64.4
841526784,22.1,1008.87,35.53,22.5,64.4
841526785,22.1,1008.88,35.95,22.5,64.4
841526786,22.1,1008.88,35.28,22.5,64.4
841526787,22.1,1008.88,36.28,22.5,64.4
841526788,22.1,1008.86,36.2,22.5,64.4
841526789,22.1,1008.83,36.78,22.5,64.4
841526790,22.1,1008.91,35.95,22.5,64.4
841526791,22.1,1008.9,36.53,22.5,64.4
841526792,22.1,1008.9,35.95,22.5,64.4
841526793,22.1,1008.95,35.7,22.5,64.4
841526794,22.1,1008.86,36.78,22.5,64.4
841526795,22.1,1008.88,35.95,22.5,64.4
841526796,22.1,1008.88,35.95,22.6,64.4
841526797,22.1,1008.92,36.03,22.6,64.4
841526798,22.1,1008.85,36.03,22.6,64.3
841526799,22.1,1008.9,37.2,22.6,64.3
841526800,22.1,1008.88,35.7,22.6,64.3
841526801,22.1,1008.91,36.2,22.6,64.3
841526802,22.1,1008.85,37.53,22.6,64.3
841526803,22.1,1008.85,36.62,22.6,64.3
841526804,22.1,1008.85,35.86,22.6,64.3
841526805,22.1,1008.85,36.11,22.6,64.3
841526806,22.1,1008.83,36.11,22.6,64.3
841526807,22.1,1008.89,35.86,22.6,64.3
841526808,22.1,1008.98,36.2,22.6,64.2
841526809,22.1,1008.94,35.53,22.6,64.2
841526810,22.1,1008.97,35.28,22.6,64.2
841526811,22.1,1008.96,35.61,22.6,64.2
841526812,22.1,1008.92,35.36,22.6,64.2
841526813,22.1,1008.95,35.03,22.6,64.2
841526814,22.1,1008.91,36.37,22.6,64.2
841526815,22.1,1008.85,36.2,22.6,64.2
841526816,22.1,1008.85,36.62,22.6,64.2
841526817,22.1,1008.83,36.2,22.6,64.2
841526818,22.1,1009.01,35.61,22.6,64.2
841526819,22.1,1008.96,35.45,22.6,64.1
841526820,22.1,1008.96,35.95,22.6,64.1
841526821,22.1,1008.91,35.53,22.6,64.1
841526822,22.1,1009.02,35.61,22.6,64.1
841526823,22.1,1008.96,35.7,22.6,64.1
841526824,22.1,1008.9,35.03,22.6,64.1
841526825,22.1,1008.82,35.53,22.6,64.1
841526826,22.1,1008.87,36.45,22.6,64.0
841526827,22.1,1008.87,35.7,22.6,64.0
841526828,22.1,1008.96,36.11,22.6,64.0
841526829,22.1,1008.9,35.78,22.6,64.0
841526830,22.1,1008.93,35.95,22.6,64.0
841526831,22.1,1008.97,35.7,22.6,64.0
841526832,22.1,1009.08,35.11,22.6,64.0
841526833,22.1,1008.95,35.45,22.7,64.0
841526834,22.1,1008.82,36.53,22.7,64.0
841526835,22.1,1008.88,35.95,22.6,63.9
841526836,22.1,1008.91,35.95,22.6,63.9
841526837,22.1,1008.96,35.7,22.7,64.0
841526838,22.1,1008.92,36.28,22.7,64.0
841526839,22.1,1008.89,35.53,22.7,64.0
841526840,22.1,1008.9,36.2,22.7,63.9
841526841,22.1,1008.91,36.37,22.7,63.9
841526842,22.1,1008.99,35.7,22.7,63.9
841526843,22.1,1008.98,35.61,22.7,63.9
841526844,22.1,1008.98,35.95,22.6,63.9
841526845,22.1,1008.89,36.11,22.6,63.9
841526846,22.1,1008.88,35.7,22.7,63.8
841526847,22.1,1008.98,36.2,22.7,63.8
841526848,22.1,1009.02,35.61,22.7,63.8
841526849,22.1,1009.0,36.11,22.6,63.8
841526850,22.1,1009.01,35.78,22.6,63.8
841526851,22.1,1008.86,36.45,22.6,63.8
841526852,22.1,1008.93,35.7,22.6,63.8
841526853,22.1,1008.88,35.78,22.7,63.8
841526854,22.1,1008.94,35.53,22.7,63.8
841526855,22.1,1008.84,36.53,22.7,63.8
841526856,22.1,1008.93,36.11,22.6,63.8
841526857,22.1,1008.94,35.53,22.6,63.8
841526858,22.1,1008.93,35.36,22.7,63.8
841526859,22.1,1008.96,35.2,22.7,63.8
841526860,22.1,1008.91,36.53,22.6,63.8
841526861,22.1,1008.99,35.7,22.6,63.8
841526862,22.1,1008.96,34.94,22.7,63.8
841526863,22.1,1009.01,35.7,22.7,63.8
841526864,22.1,1008.92,35.86,22.7,63.8
841526865,22.1,1008.91,35.53,22.6,63.8
841526866,22.1,1008.89,35.45,22.6,63.8
841526867,22.1,1008.9,36.03,22.6,63.8
841526868,22.1,1008.99,36.03,22.6,63.8
841526869,22.1,1008.94,35.7,22.6,63.8
841526870,22.1,1008.97,36.2,22.6,63.8
841526871,22.1,1009.02,35.45,22.6,63.8
841526872,22.1,1008.94,35.7,22.6,63.8
841526873,22.1,1008.98,35.45,22.6,63.8
841526874,22.1,1008.98,35.28,22.6,63.8
841526875,22.1,1009.07,35.53,22.6,63.8
841526876,22.1,1008.98,35.2,22.6,63.8
841526877,22.1,1008.98,35.7,22.6,63.8
841526878,22.1,1008.91,36.28,22.6,63.8
841526879,22.1,1008.98,34.94,22.6,63.8
841526880,22.1,1008.96,36.2,22.6,63.8
841526881,22.1,1008.97,35.2,22.6,63.8
841526882,22.1,1009.01,36.45,22.6,63.8
841526883,22.1,1008.93,35.53,22.6,63.8
841526884,22.1,1008.99,34.86,22.6,63.8
841526885,22.1,1008.99,35.28,22.6,63.8
841526886,22.1,1008.99,35.2,22.6,63.8
841526887,22.1,1008.98,36.37,22.6,63.8
841526888,22.1,1008.96,35.7,22.6,63.8
841526889,22.1,1008.9,35.45,22.6,63.8
841526890,22.1,1008.9,35.28,22.6,63.8
841526891,22.1,1008.9,36.28,22.6,63.8
841526892,22.1,1008.94,35.2,22.6,63.8
841526893,22.1,1008.94,35.78,22.6,63.8
841526894,22.1,1008.96,36.45,22.6,63.8
841526895,22.1,1009.04,36.11,22.6,63.8
841526896,22.1,1008.96,35.78,22.6,63.8
841526897,22.1,1008.98,35.7,22.6,63.8
841526898,22.1,1008.96,35.28,22.6,63.8
841526899,22.1,1009.02,35.61,22.6,63.8
841526900,22.1,1009.0,34.94,22.6,63.8
841526901,22.1,1008.99,36.11,22.6,63.9
841526902,22.1,1009.0,35.28,22.6,63.9
841526903,22.1,1008.94,35.45,22.6,63.9
841526904,22.1,1009.01,36.03,22.6,63.9
841526905,22.1,1008.95,35.61,22.6,63.9
841526906,22.1,1008.96,36.11,22.6,63.9
841526907,22.1,1008.95,35.28,22.6,63.9
841526908,22.1,1008.92,35.7,22.6,63.9
841526909,22.1,1009.01,36.45,22.6,63.9
841526910,22.1,1009.02,36.53,22.6,63.9
841526911,22.1,1009.04,35.53,22.6,63.9
841526912,22.1,1008.93,35.45,22.6,63.9
841526913,22.1,1009.0,36.03,22.6,64.0
841526914,22.1,1008.94,35.28,22.6,64.0
841526915,22.1,1008.94,35.53,22.5,63.9
841526916,22.1,1009.06,34.86,22.5,63.9
841526917,22.1,1008.97,35.86,22.5,63.9
841526918,22.1,1009.03,34.86,22.5,63.9
841526919,22.1,1009.02,35.2,22.5,63.9
841526920,22.1,1008.87,36.2,22.5,63.9
841526921,22.1,1008.97,35.95,22.5,63.9
841526922,22.1,1009.03,35.53,22.5,63.9
841526923,22.1,1009.03,35.45,22.5,63.9
841526924,22.1,1008.98,36.28,22.6,64.0
841526925,22.1,1008.96,34.44,22.6,64.0
841526926,22.1,1008.99,35.7,22.5,64.0
841526927,22.1,1009.02,35.7,22.5,64.0
841526928,22.1,1009.03,34.86,22.5,64.0
841526929,22.1,1008.97,34.94,22.5,64.0
841526930,22.1,1008.97,35.36,22.5,64.0
841526931,22.1,1009.06,34.61,22.5,64.0
841526932,22.1,1008.89,36.03,22.5,64.0
841526933,22.1,1009.01,36.03,22.5,64.0
841526934,22.1,1009.07,35.45,22.5,64.0
841526935,22.1,1008.94,35.03,22.5,64.0
841526936,22.1,1008.99,35.28,22.5,64.0
841526937,22.1,1009.0,34.86,22.5,64.0
841526938,22.1,1009.02,35.2,22.5,64.0
841526939,22.1,1008.98,35.7,22.5,64.0
841526940,22.1,1009.03,35.61,22.5,64.0
841526941,22.1,1009.1,34.86,22.5,64.0
841526942,22.1,1009.05,35.28,22.5,64.0
841526943,22.1,1008.94,35.53,22.5,64.0
841526944,22.1,1009.0,35.95,22.5,64.0
841526945,22.1,1009.07,34.86,22.6,64.0
841526946,22.1,1009.03,35.36,22.6,64.0
841526947,22.1,1009.02,35.7,22.6,64.0
841526948,22.1,1009.01,35.2,22.6,64.0
841526949,22.1,1008.94,34.69,22.6,64.0
841526950,22.1,1009.01,35.45,22.6,64.0
841526951,22.1,1008.93,35.45,22.6,64.0
841526952,22.1,1008.99,35.53,22.6,64.0
841526953,22.1,1008.86,35.7,22.6,64.0
841526954,22.1,1008.94,35.78,22.6,64.0
841526955,22.1,1008.99,34.94,22.6,64.0
841526956,22.1,1009.0,35.45,22.6,64.0
841526957,22.1,1008.97,35.28,22.6,64.0
841526958,22.1,1008.99,34.78,22.6,64.0
841526959,22.1,1009.01,34.94,22.6,64.0
841526960,22.1,1008.88,35.78,22.6,64.0
841526961,22.1,1008.94,35.36,22.6,64.0
841526962,22.1,1009.03,34.61,22.6,64.0
841526963,22.1,1009.01,34.69,22.6,64.0
841526964,22.1,1009.0,35.03,22.6,64.0
841526965,22.1,1009.1,35.03,22.6,64.0
841526966,22.1,1009.05,35.53,22.6,64.0
841526967,22.1,1009.0,34.94,22.6,64.0
841526968,22.1,1009.05,35.45,22.6,64.0
841526969,22.1,1009.0,35.53,22.6,64.0
841526970,22.1,1008.99,35.7,22.6,64.0
841526971,22.1,1009.01,35.11,22.6,64.0
841526972,22.1,1009.05,35.53,22.6,64.0
841526973,22.1,1009.05,35.03,22.6,64.0
841526974,22.1,1008.95,34.44,22.6,63.9
841526975,22.1,1009.01,35.2,22.6,63.9
841526976,22.1,1009.05,35.86,22.6,63.9
841526977,22.1,1008.95,35.2,22.6,64.0
841526978,22.1,1008.97,35.78,22.6,64.0
841526979,22.1,1009.01,36.45,22.6,64.0
841526980,22.1,1008.91,35.36,22.6,64.0
841526981,22.1,1009.03,35.45,22.6,64.0
841526982,22.1,1008.98,35.61,22.6,64.0
841526983,22.1,1009.07,35.28,22.6,64.0
841526984,22.1,1009.01,34.36,22.6,63.9
841526985,22.1,1009.06,35.11,22.6,63.9
841526986,22.1,1008.96,34.94,22.6,64.0
841526987,22.1,1008.91,35.7,22.6,64.0
841526988,22.1,1008.96,35.95,22.6,64.0
841526989,22.1,1009.03,35.28,22.6,64.0
841526990,22.1,1009.15,34.94,22.6,64.0
841526991,22.1,1008.95,36.11,22.6,64.0
841526992,22.1,1008.99,35.36,22.6,64.0
841526993,22.1,1009.1,34.02,22.6,63.9
841526994,22.1,1009.09,35.28,22.6,63.9
841526995,22.1,1009.03,34.69,22.6,63.9
841526996,22.1,1009.02,35.7,22.6,63.9
841526997,22.1,1009.13,34.86,22.6,63.9
841526998,22.1,1009.1,34.69,22.6,63.9
841526999,22.1,1009.06,34.78,22.6,63.9
841527000,22.1,1009.12,34.61,22.6,63.9
841527001,22.1,1009.09,35.11,22.6,63.9
841527002,22.1,1009.05,34.78,22.6,63.9
841527003,22.1,1009.05,34.78,22.6,63.9
841527004,22.1,1009.05,34.78,22.6,63.8
841527005,22.1,1009.11,34.86,22.6,63.8
841527006,22.1,1009.02,35.11,22.6,63.8
841527007,22.1,1009.01,34.69,22.6,63.8
841527008,22.1,1009.04,34.28,22.6,63.8
841527009,22.1,1008.99,35.2,22.7,63.8
841527010,22.1,1009.07,34.44,22.7,63.8
841527011,22.1,1009.02,35.03,22.6,63.8
841527012,22.1,1009.14,34.44,22.6,63.8
841527013,22.1,1009.06,35.36,22.6,63.8
841527014,22.1,1009.09,34.19,22.6,63.8
841527015,22.1,1009.07,34.36,22.6,63.8
841527016,22.1,1009.09,34.61,22.6,63.8
841527017,22.1,1009.1,34.78,22.6,63.8
841527018,22.1,1009.12,35.53,22.6,63.8
841527019,22.1,1009.09,34.36,22.6,63.8
841527020,22.1,1009.08,34.78,22.6,63.8
841527021,22.1,1009.03,33.94,22.6,63.8
841527022,22.1,1009.07,35.36,22.7,63.8
841527023,22.1,1009.05,35.61,22.7,63.8
841527024,22.1,1009.04,35.36,22.7,63.8
841527025,22.1,1009.08,35.2,22.7,63.8
841527026,22.1,1008.98,34.53,22.7,63.8
841527027,22.1,1009.22,34.11,22.6,63.7
841527028,22.1,1009.04,34.11,22.6,63.7
841527029,22.1,1009.12,34.11,22.7,63.7
841527030,22.1,1009.13,34.53,22.7,63.7
841527031,22.1,1009.11,34.53,22.7,63.7
841527032,22.1,1009.05,34.19,22.6,63.7
841527033,22.1,1009.02,35.28,22.6,63.7
841527034,22.1,1009.05,34.69,22.7,63.7
841527035,22.1,1009.05,35.11,22.7,63.7
841527036,22.1,1009.08,35.28,22.6,63.7
841527037,22.1,1009.06,35.2,22.6,63.7
841527038,22.1,1009.15,34.11,22.7,63.6
841527039,22.1,1009.1,34.44,22.7,63.6
841527040,22.1,1009.14,34.44,22.7,63.6
841527041,22.1,1009.09,34.28,22.6,63.6
841527042,22.1,1009.15,34.44,22.6,63.6
841527043,22.1,1009.07,34.11,22.7,63.7
841527044,22.1,1009.18,34.53,22.7,63.7
841527045,22.1,1009.15,34.28,22.7,63.6
841527046,22.1,1009.07,34.44,22.7,63.6
841527047,22.1,1009.04,34.11,22.7,63.6
841527048,22.1,1009.1,34.36,22.7,63.6
841527049,22.2,1009.11,34.78,22.7,63.6
841527050,22.2,1009.12,35.28,22.6,63.6
841527051,22.2,1009.14,34.36,22.6,63.6
841527052,22.2,1009.02,35.11,22.6,63.7
841527053,22.1,1009.09,35.45,22.6,63.7
841527054,22.2,1009.11,34.94,22.6,63.7
841527055,22.1,1009.12,34.36,22.6,63.7
841527056,22.1,1009.11,34.28,22.6,63.7
841527057,22.1,1009.09,34.78,22.6,63.7
841527058,22.1,1009.08,34.61,22.6,63.7
841527059,22.1,1009.1,34.53,22.6,63.7
841527060,22.1,1009.05,34.36,22.6,63.7
841527061,22.1,1009.12,33.94,22.6,63.8
841527062,22.1,1009.15,34.02,22.6,63.8
841527063,22.1,1009.08,33.94,22.6,63.8
841527064,22.1,1009.06,34.44,22.6,63.7
841527065,22.1,1009.12,34.69,22.6,63.7
841527066,22.1,1009.16,34.36,22.6,63.7
841527067,22.1,1009.13,34.69,22.6,63.7
841527068,22.1,1009.16,34.61,22.6,63.7
841527069,22.1,1009.13,33.94,22.6,63.7
841527070,22.1,1009.06,34.78,22.6,63.8
841527071,22.1,1009.06,34.44,22.6,63.8
841527072,22.1,1009.13,34.11,22.6,63.8
841527073,22.1,1009.05,33.86,22.6,63.7
841527074,22.1,1009.03,34.78,22.6,63.7
841527075,22.1,1009.16,33.86,22.6,63.7
841527076,22.1,1009.09,35.11,22.6,63.7
841527077,22.1,1008.97,34.19,22.6,63.7
841527078,22.1,1009.07,34.44,22.6,63.7
841527079,22.1,1009.04,35.45,22.6,63.7
841527080,22.1,1009.09,34.53,22.6,63.7
841527081,22.1,1009.09,34.28,22.6,63.7
841527082,22.1,1009.03,34.11,22.6,63.8
841527083,22.1,1009.07,34.86,22.6,63.8
841527084,22.1,1009.09,35.03,22.6,63.7
841527085,22.1,1009.12,33.69,22.6,63.7
841527086,22.1,1009.02,34.36,22.6,63.7
841527087,22.1,1009.06,34.19,22.6,63.7
841527088,22.1,1009.04,35.61,22.6,63.7
841527089,22.1,1009.12,34.11,22.6,63.7
841527090,22.1,1009.09,34.69,22.6,63.7
841527091,22.1,1009.07,34.69,22.6,63.7
841527092,22.1,1009.05,34.86,22.6,63.7
841527093,22.1,1009.1,34.19,22.6,63.6
841527094,22.1,1008.95,35.11,22.6,63.6
841527095,22.1,1009.04,35.28,22.6,63.6
841527096,22.1,1008.99,35.11,22.6,63.7
841527097,22.1,1009.02,34.69,22.6,63.7
841527098,22.1,1009.02,35.11,22.6,63.7
841527099,22.1,1008.96,35.61,22.6,63.7
841527100,22.1,1009.01,34.94,22.6,63.7
841527101,22.1,1009.11,35.2,22.6,63.7
841527102,22.1,1009.1,34.02,22.6,63.7
841527103,22.1,1009.07,35.03,22.6,63.7
841527104,22.1,1008.95,34.61,22.6,63.7
841527105,22.1,1009.09,34.94,22.6,63.7
841527106,22.1,1009.11,33.94,22.6,63.7
841527107,22.1,1009.07,34.61,22.6,63.7
841527108,22.1,1009.07,34.02,22.6,63.7
841527109,22.0,1009.12,34.19,22.6,63.7
841527110,22.1,1009.1,34.61,22.6,63.7
841527111,22.1,1009.14,34.28,22.6,63.7
841527112,22.1,1009.18,34.78,22.6,63.7
841527113,22.1,1009.06,34.19,22.6,63.7
841527114,22.0,1009.05,34.44,22.6,63.7
841527115,22.0,1009.12,33.53,22.6,63.7
841527116,22.1,1009.06,34.28,22.6,63.6
841527117,22.1,1009.13,33.94,22.6,63.6
841527118,22.0,1009.0,35.61,22.6,63.7
841527119,22.0,1009.15,34.86,22.6,63.7
841527120,22.0,1009.09,34.36,22.6,63.7
841527121,22.0,1009.15,34.53,22.6,63.7
841527122,22.0,1009.09,34.19,22.6,63.7
841527182,22.0,1009.1,34.28,22.6,63.6
841527182,22.0,1009.07,35.28,22.6,63.6
841527182,22.0,1009.09,34.78,22.6,63.6
841527183,22.0,1009.02,34.94,22.6,63.7
841527183,22.0,1009.1,35.2,22.6,63.7
841527184,22.0,1008.99,35.95,22.6,63.7
841527185,22.0,1009.08,34.36,22.6,63.7
841527186,22.0,1009.01,35.03,22.6,63.7
841527187,22.0,1009.04,35.28,22.6,63.8
841527188,22.0,1009.02,34.78,22.6,63.8
841527189,22.0,1009.02,34.86,22.6,63.8
841527190,22.0,1009.05,34.19,22.6,63.8
841527191,22.0,1009.07,34.86,22.6,63.8
841527192,22.0,1009.14,34.86,22.6,63.7
841527193,22.0,1009.06,34.53,22.6,63.7
841527194,22.0,1009.04,34.86,22.6,63.7
841527195,22.0,1009.01,34.78,22.6,63.7
841527196,22.0,1009.07,35.61,22.6,63.7
841527197,22.0,1009.01,34.78,22.6,63.7
841527198,22.0,1009.01,35.11,22.6,63.7
841527199,22.0,1009.07,34.61,22.6,63.7
841527200,22.0,1009.07,35.03,22.6,63.7
841527201,22.0,1009.02,35.2,22.6,63.7
841527202,22.0,1009.05,34.78,22.6,63.7
841527203,22.0,1009.02,35.95,22.6,63.7
841527204,22.0,1008.94,35.95,22.6,63.7
841527205,22.0,1009.05,34.44,22.6,63.8
841527206,22.0,1008.98,35.45,22.6,63.8
841527207,22.0,1008.99,34.69,22.6,63.8
841527208,22.0,1008.98,35.36,22.6,63.8
841527209,22.0,1009.09,35.11,22.6,63.8
841527210,22.0,1008.96,35.28,22.6,63.7
841527211,22.0,1008.98,35.45,22.6,63.7
841527212,22.0,1008.99,35.7,22.6,63.7
841527213,22.0,1009.01,35.28,22.6,63.7
841527214,22.0,1009.01,34.94,22.6,63.8
841527215,22.0,1008.99,35.78,22.6,63.8
841527216,22.0,1008.99,34.53,22.6,63.8
841527217,22.0,1009.02,35.61,22.5,63.7
841527218,22.0,1009.08,34.94,22.5,63.7
841527219,22.0,1009.05,34.28,22.6,63.8
841527220,22.0,1009.06,34.44,22.6,63.8
841527221,22.0,1009.07,34.11,22.5,63.7
841527222,22.0,1009.04,34.86,22.5,63.7
841527223,22.0,1009.01,35.7,22.5,63.7
841527224,22.0,1009.01,34.28,22.6,63.7
841527225,22.0,1009.07,33.86,22.6,63.7
841527226,22.0,1009.05,35.28,22.6,63.8
841527227,22.0,1009.04,35.36,22.6,63.8
841527228,22.0,1009.06,34.78,22.6,63.7
841527229,22.0,1008.98,35.11,22.6,63.7
841527230,22.0,1009.02,34.02,22.6,63.8
841527231,22.0,1009.01,34.78,22.6,63.8
841527232,22.0,1009.02,34.61,22.6,63.8
841527233,22.0,1009.11,34.53,22.6,63.7
841527234,22.0,1009.01,35.2,22.6,63.7
841527235,22.0,1008.99,34.86,22.6,63.8
841527236,22.0,1009.03,34.11,22.6,63.8
841527237,22.0,1009.07,34.61,22.6,63.7
841527238,22.0,1009.01,34.86,22.6,63.7
841527239,22.0,1009.03,35.7,22.6,63.7
841527240,22.0,1008.97,34.94,22.6,63.8
841527241,22.0,1009.05,34.11,22.6,63.8
841527242,22.0,1009.04,34.53,22.6,63.8
841527243,22.0,1009.0,35.36,22.6,63.8
841527244,22.0,1009.08,35.2,22.6,63.7
841527245,22.0,1009.05,35.2,22.6,63.7
841527246,22.0,1009.01,35.36,22.6,63.7
841527247,22.0,1009.02,34.86,22.6,63.7
841527248,22.0,1009.06,34.69,22.6,63.7
841527249,22.0,1009.03,34.69,22.6,63.8
841527250,22.0,1009.05,34.94,22.6,63.8
841527251,22.0,1009.04,34.78,22.6,63.7
841527252,22.0,1008.94,36.53,22.6,63.7
841527253,22.0,1009.02,34.53,22.6,63.8
841527254,22.0,1009.08,35.36,22.6,63.8
841527255,22.0,1009.02,35.45,22.6,63.8
841527256,22.0,1009.03,34.53,22.6,63.8
841527257,22.0,1009.01,35.36,22.6,63.8
841527258,22.0,1009.01,35.86,22.6,63.8
841527259,22.0,1009.01,35.28,22.6,63.8
841527260,22.0,1009.06,35.03,22.6,63.8
841527261,22.0,1009.04,34.19,22.6,63.8
841527262,22.0,1008.95,35.45,22.6,63.7
841527263,22.0,1008.98,34.78,22.6,63.7
841527264,22.0,1009.04,35.2,22.6,63.7
841527265,22.0,1009.04,34.86,22.6,63.7
841527266,22.0,1009.04,34.28,22.6,63.7
841527267,22.0,1009.12,34.28,22.6,63.7
841527268,22.0,1009.04,35.03,22.6,63.7
841527269,22.0,1009.07,35.03,22.6,63.7
841527270,22.0,1009.06,35.53,22.6,63.7
841527271,22.0,1009.11,34.86,22.6,63.7
841527272,22.0,1008.98,34.94,22.6,63.8
841527273,22.0,1009.03,34.94,22.6,63.8
841527274,22.0,1009.04,35.2,22.6,63.7
841527275,22.0,1009.06,35.36,22.6,63.7
841527276,22.0,1009.05,34.78,22.6,63.7
841527277,22.0,1009.02,35.28,22.6,63.7
841527278,22.0,1008.95,35.53,22.5,63.7
841527279,22.0,1009.0,35.2,22.5,63.7
841527280,22.0,1009.02,35.28,22.5,63.7
841527281,22.0,1009.05,35.03,22.5,63.7
841527282,22.0,1009.1,34.69,22.5,63.7
841527283,22.0,1009.12,35.28,22.5,63.7
841527284,22.0,1009.09,34.78,22.5,63.7
841527285,22.0,1009.01,34.11,22.5,63.7
841527286,22.0,1009.08,34.36,22.5,63.7
841527287,22.0,1009.04,34.86,22.5,63.7
841527288,22.0,1008.98,34.86,22.5,63.6
841527289,22.0,1009.0,35.36,22.5,63.6
841527290,22.0,1009.02,35.11,22.5,63.7
841527291,22.0,1009.07,35.36,22.5,63.7
841527292,22.0,1008.99,35.28,22.5,63.7
841527293,22.0,1009.08,34.86,22.5,63.7
841527294,22.0,1008.97,35.36,22.5,63.7
841527295,22.0,1008.98,34.53,22.5,63.7
841527296,22.0,1009.07,35.03,22.5,63.7
841527297,22.0,1009.02,34.19,22.5,63.7
841527298,22.0,1009.08,34.94,22.5,63.7
841527299,22.0,1009.06,35.28,22.5,63.7
841527300,22.0,1009.1,34.19,22.5,63.7
841527301,22.0,1009.1,35.11,22.5,63.7
841527302,22.0,1009.11,34.28,22.5,63.7
841527303,22.0,1009.07,35.36,22.5,63.7
841527304,22.0,1009.12,34.28,22.5,63.7
841527305,22.0,1009.02,33.69,22.5,63.7
841527306,22.0,1009.04,35.28,22.5,63.8
841527307,22.0,1009.03,34.94,22.5,63.8
841527308,22.0,1009.0,35.03,22.5,63.7
841527309,22.0,1009.0,35.11,22.5,63.7
841527310,22.0,1009.1,34.78,22.5,63.8
841527311,22.0,1009.06,35.28,22.5,63.8
841527312,22.0,1009.18,34.61,22.5,63.8
841527313,22.0,1009.1,34.61,22.5,63.7
841527314,22.0,1009.02,35.11,22.5,63.7
841527315,22.0,1009.12,34.69,22.5,63.7
841527316,22.0,1009.11,35.2,22.5,63.7
841527317,22.0,1009.09,33.86,22.6,63.8
841527318,22.0,1009.1,34.02,22.6,63.8
841527319,22.0,1009.12,35.28,22.6,63.8
841527320,22.0,1009.07,33.69,22.6,63.7
841527321,22.0,1008.95,34.69,22.6,63.7
841527322,22.0,1009.08,34.86,22.6,63.7
841527323,22.0,1009.13,34.53,22.6,63.7
841527324,22.0,1009.02,34.86,22.6,63.7
841527325,22.0,1009.12,34.44,22.6,63.7
841527326,22.0,1009.09,34.44,22.6,63.7
841527327,22.0,1009.12,34.28,22.6,63.7
841527328,22.0,1009.1,34.11,22.6,63.7
841527329,22.0,1009.1,34.69,22.6,63.7
841527330,22.0,1009.05,34.53,22.6,63.7
841527331,22.0,1009.11,34.69,22.6,63.7
841527332,22.0,1009.08,34.19,22.6,63.7
841527333,22.0,1008.99,35.11,22.6,63.6
841527334,22.0,1009.08,34.69,22.6,63.6
841527335,22.0,1009.09,34.36,22.6,63.6
841527336,22.0,1009.13,34.53,22.6,63.7
841527337,22.0,1009.09,34.11,22.6,63.7
841527338,22.0,1009.17,34.19,22.6,63.6
841527339,22.0,1009.06,34.94,22.6,63.6
841527340,22.0,1009.05,34.28,22.6,63.6
841527341,22.0,1009.01,35.11,22.6,63.6
841527342,22.0,1009.18,33.86,22.6,63.6
841527343,22.0,1009.16,34.86,22.6,63.6
841527344,22.0,1009.06,34.78,22.6,63.6
841527345,22.0,1009.02,35.03,22.6,63.6
841527346,22.0,1009.06,35.61,22.6,63.6
841527347,22.0,1009.05,34.19,22.6,63.6
841527348,22.0,1009.04,35.11,22.6,63.6
841527349,22.0,1009.1,34.28,22.6,63.6
841527350,22.0,1009.1,34.19,22.6,63.6
841527351,22.0,1009.06,34.19,22.6,63.6
841527352,22.0,1009.13,33.94,22.6,63.6
841527353,22.0,1009.09,33.94,22.6,63.6
841527354,22.0,1009.05,34.36,22.6,63.5
841527355,22.0,1009.08,34.61,22.6,63.5
841527356,22.0,1009.03,33.86,22.6,63.6
841527357,22.0,1009.19,34.94,22.6,63.6
841527358,22.0,1009.11,34.53,22.6,63.6
841527359,22.0,1009.11,34.28,22.6,63.6
841527360,22.0,1009.07,34.69,22.6,63.6
841527361,22.0,1009.06,34.53,22.6,63.5
841527362,22.0,1009.14,33.86,22.6,63.5
841527363,22.0,1009.05,34.36,22.6,63.5
841527364,22.0,1009.02,34.28,22.6,63.5
841527365,22.0,1009.12,34.02,22.6,63.6
841527366,22.0,1009.14,34.44,22.6,63.6
841527367,22.0,1009.12,33.94,22.6,63.6
841527368,22.0,1009.13,34.53,22.6,63.6
841527369,22.0,1009.12,34.53,22.6,63.6
841527370,22.0,1009.08,34.19,22.6,63.5
841527371,22.0,1009.12,34.36,22.6,63.5
841527372,22.0,1009.04,34.61,22.6,63.5
841527373,22.0,1009.15,34.53,22.6,63.5
841527374,22.0,1009.16,34.11,22.6,63.5
841527375,22.0,1009.09,34.61,22.6,63.5
841527376,22.0,1009.05,34.36,22.6,63.5
841527377,22.0,1009.03,34.94,22.6,63.6
841527378,22.0,1009.16,33.86,22.6,63.6
841527379,22.0,1009.14,34.69,22.6,63.6
841527380,22.0,1009.18,34.69,22.6,63.6
841527381,22.0,1009.15,34.53,22.6,63.6
841527382,22.0,1009.17,34.36,22.6,63.6
841527383,22.0,1009.07,35.45,22.6,63.6
841527384,22.0,1009.13,34.44,22.6,63.6
841527385,22.0,1009.01,34.94,22.6,63.6
841527386,22.0,1009.07,34.36,22.6,63.6
841527387,22.0,1009.09,34.19,22.6,63.6
841527388,22.0,1009.11,34.61,22.6,63.6
841527389,22.0,1009.1,35.11,22.6,63.6
841527390,22.0,1009.05,34.53,22.6,63.6
841527391,22.0,1009.02,34.86,22.6,63.6
841527392,22.0,1009.07,35.28,22.6,63.6
841527393,22.0,1009.1,34.53,22.6,63.6
841527394,22.0,1009.09,34.44,22.6,63.6
841527395,22.0,1009.14,34.11,22.6,63.6
841527396,22.0,1009.16,34.11,22.6,63.6
841527397,22.0,1009.09,34.86,22.6,63.6
841527398,22.0,1009.13,34.36,22.6,63.6
841527399,22.0,1009.19,33.94,22.6,63.6
841527400,22.0,1009.13,34.19,22.6,63.6
841527401,22.0,1009.14,34.28,22.6,63.6
841527402,22.0,1009.11,34.86,22.6,63.6
841527403,22.0,1009.17,33.44,22.6,63.6
841527404,22.0,1009.19,34.19,22.6,63.6
841527405,22.0,1009.1,34.28,22.6,63.6
841527406,22.0,1009.12,34.28,22.6,63.6
841527407,22.0,1009.16,34.69,22.6,63.6
841527408,22.0,1009.17,34.02,22.6,63.6
841527409,22.0,1009.02,35.11,22.6,63.6
841527410,22.0,1009.15,34.36,22.6,63.6
841527411,22.0,1009.12,34.44,22.6,63.6
841527412,22.0,1009.15,34.28,22.6,63.6
841527413,22.0,1009.19,33.86,22.6,63.5
841527414,22.0,1009.19,33.61,22.6,63.5
841527416,22.0,1009.13,34.53,22.6,63.5
841527416,22.0,1009.15,34.94,22.6,63.6
841527417,22.0,1009.1,34.19,22.6,63.6
841527418,22.0,1009.09,33.94,22.6,63.5
841527419,22.0,1009.09,33.78,22.6,63.5
841527420,22.0,1009.08,34.61,22.6,63.5
841527421,22.0,1009.18,34.44,22.6,63.5
841527422,22.0,1009.06,34.61,22.6,63.6
841527482,22.0,1009.11,34.69,22.6,63.6
841527482,22.0,1009.13,33.53,22.6,63.6
841527482,22.0,1009.15,34.86,22.6,63.6
841527483,22.0,1009.2,34.28,22.6,63.5
841527484,22.0,1009.17,33.78,22.6,63.5
841527485,22.0,1009.18,34.53,22.6,63.4
841527485,22.0,1009.15,34.11,22.6,63.4
841527486,22.0,1009.12,33.69,22.6,63.5
841527487,22.0,1009.19,33.94,22.6,63.5
841527488,22.0,1009.18,33.44,22.6,63.5
841527489,22.0,1009.19,34.02,22.6,63.4
841527491,22.0,1009.12,33.53,22.6,63.4
841527491,22.0,1009.03,34.28,22.6,63.4
841527493,22.0,1009.09,34.69,22.6,63.4
841527493,22.0,1009.14,33.78,22.6,63.5
841527494,22.0,1009.08,34.86,22.6,63.5
841527495,22.0,1009.15,33.36,22.6,63.5
841527496,22.0,1009.16,33.86,22.6,63.4
841527497,22.0,1009.2,34.94,22.6,63.4
841527499,22.0,1009.15,33.78,22.6,63.4
841527499,22.0,1009.16,33.94,22.6,63.4
841527501,22.0,1009.09,34.28,22.6,63.4
841527501,22.0,1009.2,33.36,22.6,63.4
841527502,22.0,1009.15,34.11,22.6,63.4
841527504,22.0,1009.13,34.19,22.6,63.4
841527504,22.0,1009.2,34.11,22.6,63.4
841527505,22.0,1009.12,34.11,22.6,63.5
841527506,22.0,1009.21,34.44,22.6,63.5
841527508,22.0,1009.11,33.53,22.6,63.5
841527508,22.0,1009.13,33.69,22.6,63.5
841527510,22.0,1009.19,33.69,22.6,63.5
841527510,22.0,1009.15,34.61,22.6,63.5
841527511,22.0,1009.17,34.44,22.6,63.5
841527513,22.0,1009.11,34.11,22.6,63.5
841527513,22.0,1009.12,33.69,22.6,63.5
841527514,22.0,1009.07,34.78,22.6,63.5
841527515,22.0,1009.15,33.53,22.6,63.5
841527517,22.0,1009.12,34.44,22.6,63.5
841527517,22.0,1009.19,34.02,22.6,63.5
841527519,22.0,1009.22,33.11,22.6,63.4
841527519,22.0,1009.21,34.44,22.6,63.4
841527520,22.0,1009.21,34.28,22.6,63.4
841527522,22.0,1009.14,34.44,22.6,63.4
841527522,22.0,1009.24,33.27,22.6,63.4
841527523,22.0,1009.13,33.44,22.6,63.5
841527524,22.0,1009.23,33.11,22.6,63.5
841527525,22.0,1009.23,33.19,22.6,63.5
841527527,22.0,1009.18,33.78,22.6,63.5
841527527,22.0,1009.17,34.69,22.6,63.5
841527528,22.0,1009.13,33.61,22.6,63.4
841527530,22.0,1009.19,34.02,22.6,63.4
841527530,22.0,1009.16,34.53,22.6,63.4
841527531,22.0,1009.15,34.11,22.6,63.4
841527532,22.0,1009.15,33.44,22.6,63.4
841527533,22.0,1009.14,33.78,22.6,63.4
841527535,22.0,1009.21,33.53,22.6,63.4
841527535,22.0,1009.08,34.69,22.6,63.4
841527537,22.0,1009.2,33.69,22.6,63.4
841527537,22.0,1009.17,34.61,22.6,63.4
841527538,22.0,1009.08,34.28,22.6,63.4
841527539,22.0,1009.13,34.61,22.6,63.5
841527541,22.0,1009.07,35.2,22.6,63.5
841527541,22.0,1009.11,35.03,22.6,63.4
841527543,22.0,1009.05,34.61,22.6,63.4
841527544,22.0,1009.12,34.44,22.6,63.4
841527544,22.0,1009.06,34.78,22.6,63.4
841527546,22.0,1009.08,33.69,22.6,63.4
841527546,22.0,1009.13,35.03,22.6,63.4
841527547,22.0,1009.03,35.03,22.6,63.4
841527548,22.0,1009.08,34.94,22.6,63.4
841527550,22.0,1009.16,33.86,22.6,63.4
841527550,22.0,1009.12,34.44,22.6,63.5
841527552,22.0,1009.15,33.61,22.6,63.5
841527553,22.0,1009.07,34.28,22.6,63.5
841527553,22.0,1009.06,34.44,22.6,63.4
841527555,22.0,1009.13,34.11,22.6,63.4
841527555,22.0,1009.13,34.36,22.6,63.4
841527556,22.0,1009.04,34.02,22.6,63.4
841527557,22.0,1009.08,34.44,22.6,63.4
841527559,22.0,1009.16,33.94,22.6,63.4
841527559,22.0,1009.1,34.36,22.6,63.4
841527561,22.0,1009.12,35.11,22.6,63.5
841527562,22.0,1009.15,34.11,22.6,63.5
841527562,22.0,1009.12,34.11,22.6,63.5
841527564,22.0,1009.16,34.36,22.6,63.5
841527564,22.0,1009.17,34.44,22.6,63.5
841527565,22.0,1009.09,34.61,22.6,63.5
841527566,22.0,1009.09,34.19,22.6,63.4
841527568,22.0,1009.14,34.11,22.6,63.4
841527568,22.0,1009.1,34.36,22.6,63.4
841527570,22.0,1009.15,33.78,22.6,63.4
841527571,22.0,1009.1,33.61,22.6,63.4
841527571,22.0,1009.08,33.78,22.6,63.4
841527573,22.0,1009.14,33.94,22.6,63.4
841527573,22.0,1009.15,34.19,22.6,63.4
841527574,22.0,1009.16,34.19,22.6,63.4
841527575,22.0,1009.15,33.69,22.6,63.4
841527577,22.0,1009.06,33.78,22.6,63.4
841527577,22.0,1009.13,34.36,22.6,63.4
841527579,22.0,1009.16,34.36,22.6,63.4
841527580,22.0,1009.12,34.11,22.6,63.4
841527580,22.0,1009.04,34.86,22.6,63.4
841527582,22.0,1009.11,34.53,22.6,63.4
841527582,22.0,1009.11,34.36,22.6,63.4
841527583,22.0,1009.07,34.69,22.6,63.4
841527584,22.0,1009.06,34.69,22.6,63.4
841527586,22.0,1009.16,33.94,22.6,63.5
841527586,22.0,1009.18,34.11,22.6,63.5
841527588,22.0,1009.15,34.02,22.6,63.4
841527589,22.0,1009.14,33.69,22.6,63.4
841527589,22.0,1009.18,33.78,22.6,63.5
841527591,22.0,1009.1,34.19,22.6,63.5
841527591,22.0,1009.15,33.61,22.6,63.5
841527592,22.0,1009.11,34.69,22.6,63.5
841527593,22.0,1009.18,33.86,22.6,63.5
841527595,22.0,1009.17,34.11,22.6,63.5
841527596,22.0,1009.06,34.44,22.6,63.5
841527597,22.0,1009.16,34.28,22.6,63.5
841527598,22.0,1009.11,34.02,22.6,63.5
841527599,22.0,1009.2,33.86,22.6,63.5
841527600,22.0,1009.14,34.44,22.6,63.5
841527601,22.0,1009.13,34.28,22.6,63.5
841527601,21.9,1009.06,34.28,22.6,63.6
841527603,22.0,1009.12,34.94,22.6,63.6
841527603,22.0,1009.13,34.28,22.5,63.6
841527604,22.0,1009.06,34.44,22.5,63.6
841527606,22.0,1009.15,34.28,22.6,63.6
841527607,22.0,1009.16,33.94,22.6,63.6
841527608,22.0,1009.16,34.78,22.6,63.6
841527609,21.9,1009.13,34.44,22.6,63.6
841527610,22.0,1009.06,35.2,22.6,63.6
841527610,22.0,1009.06,33.78,22.6,63.6
841527612,21.9,1009.13,34.53,22.6,63.6
841527612,22.0,1009.15,33.69,22.6,63.6
841527613,22.0,1009.11,34.61,22.6,63.6
841527615,22.0,1009.12,34.78,22.6,63.6
841527616,22.0,1009.06,34.28,22.6,63.6
841527617,21.9,1009.14,34.19,22.6,63.6
841527618,22.0,1009.14,34.53,22.6,63.6
841527619,21.9,1009.16,34.78,22.6,63.6
841527620,22.0,1009.12,34.44,22.5,63.6
841527621,21.9,1009.06,34.61,22.5,63.6
841527622,21.9,1009.06,34.53,22.6,63.6
841527623,21.9,1009.13,35.2,22.6,63.6
841527624,21.9,1009.07,34.69,22.6,63.6
841527625,21.9,1009.13,34.44,22.6,63.6
841527626,21.9,1009.11,34.11,22.6,63.6
841527627,21.9,1009.07,34.94,22.6,63.6
841527628,21.9,1009.13,34.44,22.6,63.6
841527629,21.9,1009.08,34.28,22.6,63.6
841527630,21.9,1009.15,34.61,22.6,63.6
841527631,21.9,1009.12,34.44,22.6,63.6
841527632,21.9,1009.06,34.19,22.6,63.6
841527633,21.9,1009.18,33.61,22.6,63.6
841527634,22.0,1009.16,33.94,22.6,63.6
841527635,22.0,1009.15,33.61,22.6,63.6
841527636,21.9,1009.13,33.94,22.6,63.6
841527637,21.9,1009.06,34.78,22.6,63.6
841527638,21.9,1009.09,34.78,22.6,63.6
841527639,22.0,1009.15,33.86,22.6,63.6
841527640,21.9,1009.08,34.28,22.6,63.6
841527641,21.9,1009.07,34.44,22.6,63.6
841527642,22.0,1009.15,33.61,22.6,63.6
841527643,22.0,1009.11,33.69,22.6,63.6
841527644,21.9,1009.11,34.36,22.6,63.6
841527645,21.9,1009.11,34.02,22.6,63.6
841527646,21.9,1009.08,34.11,22.6,63.6
841527647,21.9,1009.04,34.53,22.6,63.7
841527648,21.9,1009.13,34.02,22.6,63.7
841527649,21.9,1009.17,34.44,22.6,63.7
841527650,21.9,1009.15,34.19,22.6,63.6
841527651,21.9,1009.12,33.94,22.6,63.6
841527652,21.9,1009.17,33.53,22.6,63.7
841527653,21.9,1009.18,33.69,22.6,63.7
841527654,21.9,1009.15,33.53,22.6,63.6
841527655,21.9,1009.12,34.11,22.6,63.6
841527656,21.9,1009.12,33.86,22.6,63.6
841527657,21.9,1009.15,33.94,22.6,63.6
841527658,21.9,1009.1,34.28,22.6,63.6
841527659,21.9,1009.13,33.69,22.6,63.6
841527660,21.9,1009.18,33.61,22.6,63.6
841527661,21.9,1009.18,34.69,22.6,63.6
841527662,21.9,1009.03,34.28,22.6,63.6
841527663,21.9,1009.17,34.36,22.6,63.6
841527664,21.9,1009.06,34.36,22.6,63.6
841527665,21.9,1009.09,34.53,22.6,63.6
841527666,21.9,1009.15,34.28,22.6,63.6
841527667,21.9,1009.16,35.11,22.6,63.6
841527668,21.9,1009.06,34.94,22.6,63.6
841527669,21.9,1009.04,35.11,22.6,63.6
841527670,21.9,1009.04,34.78,22.6,63.6
841527671,21.9,1009.08,34.44,22.6,63.6
841527672,21.9,1009.15,34.19,22.6,63.6
841527673,21.9,1009.11,34.78,22.6,63.5
841527674,21.9,1009.15,34.44,22.6,63.5
841527675,21.9,1009.12,34.44,22.6,63.5
841527676,21.9,1009.14,33.69,22.6,63.5
841527677,21.9,1009.15,34.02,22.6,63.5
841527678,21.9,1009.17,34.94,22.6,63.5
841527679,21.9,1009.09,34.19,22.6,63.5
841527680,21.9,1009.15,34.78,22.6,63.5
841527681,21.9,1009.12,34.28,22.6,63.5
841527682,21.9,1009.1,34.78,22.6,63.5
841527683,21.9,1009.06,34.53,22.6,63.5
841527684,21.9,1009.16,34.36,22.6,63.5
841527685,21.9,1009.16,34.19,22.6,63.5
841527686,21.9,1009.13,34.86,22.6,63.4
841527687,21.9,1009.16,34.11,22.6,63.4
841527688,21.9,1009.18,34.36,22.6,63.4
841527689,21.9,1009.16,33.86,22.6,63.4
841527690,21.9,1009.1,34.28,22.6,63.4
841527691,21.9,1009.16,34.11,22.6,63.5
841527692,21.9,1009.18,34.11,22.6,63.5
841527693,21.9,1009.16,34.36,22.6,63.4
841527694,21.9,1009.15,33.78,22.6,63.4
841527695,21.9,1009.15,33.69,22.6,63.4
841527696,21.9,1009.09,34.11,22.6,63.4
841527697,21.9,1009.06,34.78,22.6,63.4
841527698,21.9,1009.08,34.11,22.6,63.4
841527699,21.9,1009.15,33.94,22.6,63.4
841527700,21.9,1009.13,34.69,22.6,63.4
841527701,21.9,1009.07,34.69,22.6,63.4
841527702,21.9,1009.14,34.53,22.6,63.4
841527703,21.9,1009.17,33.61,22.6,63.4
841527704,21.9,1009.18,34.44,22.6,63.4
841527705,21.9,1009.17,34.11,22.6,63.5
841527706,21.9,1009.23,33.36,22.6,63.5
841527707,21.9,1009.19,33.94,22.6,63.5
841527708,21.9,1009.2,33.78,22.6,63.5
841527709,21.9,1009.2,33.78,22.6,63.4
841527710,21.9,1009.17,33.53,22.6,63.4
841527711,21.9,1009.1,34.36,22.6,63.5
841527712,21.9,1009.17,34.28,22.6,63.5
841527713,21.9,1009.19,33.86,22.6,63.5
841527714,21.9,1009.2,33.78,22.6,63.5
841527715,21.9,1009.16,34.61,22.6,63.5
841527716,21.9,1009.08,34.28,22.6,63.4
841527717,21.9,1009.2,34.19,22.6,63.4
841527718,21.9,1009.18,34.28,22.6,63.4
841527719,21.9,1009.09,34.19,22.6,63.4
841527720,21.9,1009.22,33.78,22.6,63.4
841527721,21.9,1009.13,33.61,22.6,63.4
841527722,21.9,1009.15,33.78,22.6,63.4
841527723,21.9,1009.21,33.61,22.6,63.4
841527724,21.9,1009.13,34.19,22.6,63.4
841527725,21.9,1009.23,33.69,22.6,63.4
841527726,21.9,1009.21,34.02,22.6,63.4
841527727,21.9,1009.17,33.36,22.6,63.5
841527728,21.9,1009.25,33.36,22.6,63.5
841527729,21.9,1009.25,33.94,22.6,63.5
841527730,21.9,1009.27,33.53,22.6,63.5
841527731,21.9,1009.23,33.86,22.6,63.5
841527732,21.9,1009.21,33.53,22.6,63.5
841527733,21.9,1009.23,33.36,22.6,63.5
841527734,21.9,1009.19,33.61,22.6,63.4
841527735,21.9,1009.17,33.02,22.6,63.4
841527736,21.9,1009.26,33.36,22.6,63.4
841527737,21.9,1009.19,33.36,22.6,63.4
841527738,21.9,1009.12,34.19,22.6,63.4
841527739,21.9,1009.19,32.94,22.6,63.4
841527740,21.9,1009.15,34.11,22.6,63.4
841527741,21.9,1009.14,33.78,22.6,63.4
841527742,21.9,1009.15,33.53,22.6,63.4
841527743,21.9,1009.14,34.53,22.6,63.5
841527744,21.9,1009.15,33.53,22.6,63.5
841527745,21.9,1009.11,34.44,22.6,63.5
841527746,21.9,1009.21,33.36,22.6,63.4
841527747,21.9,1009.18,33.53,22.6,63.4
841527748,21.9,1009.23,33.27,22.6,63.4
841527749,21.9,1009.16,33.27,22.6,63.4
841527750,21.9,1009.19,33.36,22.6,63.4
841527751,21.9,1009.18,33.69,22.6,63.4
841527752,21.9,1009.16,33.69,22.6,63.4
841527753,21.9,1009.2,33.36,22.6,63.4
841527754,21.9,1009.19,33.11,22.6,63.4
841527755,21.9,1009.29,33.78,22.6,63.4
841527756,21.9,1009.15,33.61,22.6,63.4
841527757,21.9,1009.23,33.69,22.6,63.4
841527758,21.9,1009.17,33.36,22.6,63.4
841527759,21.9,1009.14,34.19,22.6,63.4
841527760,21.9,1009.16,33.61,22.6,63.4
841527761,21.9,1009.18,33.02,22.6,63.4
841527762,21.9,1009.22,33.94,22.6,63.4
841527763,21.9,1009.18,33.78,22.6,63.4
841527764,21.9,1009.18,33.44,22.6,63.4
841527765,21.9,1009.21,33.44,22.6,63.4
841527766,21.9,1009.18,33.36,22.6,63.3
841527767,21.9,1009.24,33.61,22.6,63.3
841527768,21.9,1009.25,33.61,22.6,63.3
841527769,21.9,1009.22,33.86,22.6,63.3
841527770,21.9,1009.1,33.86,22.6,63.3
841527771,21.9,1009.09,34.19,22.6,63.3
841527772,21.9,1009.25,34.02,22.6,63.3
841527773,21.9,1009.16,33.69,22.6,63.3
841527774,21.9,1009.16,33.69,22.6,63.3
841527775,21.9,1009.22,34.19,22.6,63.3
841527776,21.9,1009.23,33.94,22.6,63.3
841527777,21.9,1009.21,33.86,22.6,63.3
841527778,21.9,1009.14,33.44,22.6,63.3
841527779,21.9,1009.29,33.61,22.6,63.3
841527780,21.9,1009.19,33.44,22.6,63.3
841527781,21.9,1009.07,33.61,22.6,63.3
841527782,21.9,1009.14,33.61,22.6,63.3
841527783,21.9,1009.22,34.19,22.6,63.3
841527784,21.9,1009.19,33.27,22.6,63.3
841527785,21.9,1009.29,33.44,22.6,63.3
841527786,21.9,1009.28,33.36,22.6,63.3
841527787,21.9,1009.22,33.86,22.6,63.3
841527788,21.9,1009.2,33.44,22.6,63.3
841527789,21.9,1009.2,33.44,22.6,63.3
841527790,21.9,1009.19,33.36,22.6,63.3
841527791,21.9,1009.14,32.94,22.6,63.3
841527792,21.9,1009.17,33.61,22.6,63.3
841527793,21.9,1009.28,33.61,22.6,63.3
841527794,21.9,1009.16,34.44,22.6,63.3
841527795,21.9,1009.25,33.53,22.6,63.3
841527796,21.9,1009.25,33.78,22.6,63.3
841527797,21.9,1009.26,33.53,22.6,63.3
841527798,21.9,1009.14,33.94,22.6,63.3
841527799,21.9,1009.23,33.94,22.6,63.3
841527800,21.9,1009.2,33.53,22.6,63.3
841527801,21.9,1009.2,33.36,22.6,63.3
841527802,21.9,1009.18,32.94,22.6,63.3
841527803,21.9,1009.25,33.19,22.6,63.4
841527804,21.9,1009.32,33.36,22.6,63.4
841527805,21.9,1009.21,33.19,22.6,63.3
841527806,21.9,1009.29,32.44,22.6,63.3
841527807,21.9,1009.18,33.19,22.6,63.4
841527808,21.9,1009.3,32.77,22.6,63.4
841527809,21.9,1009.22,33.02,22.6,63.4
841527810,21.9,1009.27,33.78,22.6,63.3
841527811,21.9,1009.2,33.36,22.6,63.3
841527812,21.9,1009.26,33.02,22.6,63.4
841527813,21.9,1009.11,34.78,22.6,63.4
841527814,21.9,1009.17,33.53,22.6,63.4
841527815,21.9,1009.26,32.69,22.6,63.4
841527816,21.9,1009.23,32.69,22.6,63.4
841527817,21.9,1009.27,32.86,22.6,63.4
841527818,21.9,1009.19,33.53,22.6,63.4
841527819,21.9,1009.26,33.02,22.6,63.4
841527820,21.9,1009.22,33.11,22.6,63.4
841527821,21.9,1009.29,33.36,22.6,63.3
841527822,21.9,1009.17,32.94,22.6,63.3
841527823,21.9,1009.21,34.02,22.6,63.4
841527824,21.9,1009.21,33.36,22.6,63.4
841527825,21.9,1009.2,32.94,22.6,63.4
841527826,21.9,1009.22,33.11,22.6,63.4
841527827,21.9,1009.23,32.86,22.6,63.4
841527828,21.9,1009.24,33.02,22.6,63.4
841527829,21.9,1009.33,33.36,22.6,63.4
841527830,21.9,1009.21,33.69,22.6,63.4
841527831,21.9,1009.3,32.94,22.6,63.4
841527832,21.9,1009.14,33.94,22.6,63.4
841527833,21.9,1009.3,32.77,22.6,63.4
841527834,21.9,1009.19,33.53,22.6,63.4
841527835,21.9,1009.24,32.35,22.6,63.3
841527836,21.9,1009.15,33.61,22.6,63.3
841527837,21.9,1009.25,33.02,22.6,63.4
841527838,21.9,1009.27,33.11,22.6,63.4
841527839,21.9,1009.29,33.27,22.6,63.4
841527840,21.9,1009.21,33.61,22.6,63.4
841527841,21.9,1009.33,32.77,22.6,63.4
841527842,21.9,1009.23,32.52,22.7,63.3
841527843,21.9,1009.23,33.36,22.7,63.3
841527844,21.9,1009.32,33.11,22.7,63.4
841527845,21.9,1009.24,33.02,22.7,63.4
841527846,21.9,1009.22,33.44,22.7,63.3
841527847,21.9,1009.27,33.27,22.7,63.3
841527848,21.9,1009.3,32.86,22.7,63.3
841527849,21.9,1009.27,32.77,22.7,63.3
841527850,21.9,1009.11,34.61,22.7,63.3
841527851,21.9,1009.22,33.61,22.7,63.3
841527852,21.9,1009.21,33.02,22.7,63.3
841527853,21.9,1009.26,33.11,22.7,63.3
841527854,21.9,1009.17,33.86,22.7,63.3
841527855,21.9,1009.17,33.53,22.6,63.3
841527856,21.9,1009.24,33.44,22.6,63.3
841527857,21.9,1009.18,33.78,22.6,63.3
841527858,21.9,1009.2,33.69,22.7,63.2
841527859,21.9,1009.22,33.02,22.7,63.2
841527860,21.9,1009.23,33.02,22.6,63.3
841527861,21.9,1009.25,33.11,22.6,63.3
841527862,21.9,1009.23,33.36,22.6,63.3
841527863,21.9,1009.22,33.19,22.6,63.3
841527864,21.9,1009.14,32.77,22.6,63.3
841527865,21.9,1009.23,33.02,22.6,63.2
841527866,21.9,1009.24,33.27,22.6,63.2
841527867,21.9,1009.22,33.53,22.6,63.3
841527868,21.9,1009.26,33.11,22.6,63.3
841527869,21.9,1009.16,34.19,22.6,63.3
841527870,21.9,1009.22,33.44,22.6,63.3
841527871,21.9,1009.23,34.02,22.6,63.3
841527872,21.9,1009.16,33.86,22.6,63.3
841527873,21.9,1009.26,33.19,22.6,63.3
841527874,21.9,1009.22,33.27,22.6,63.3
841527875,21.9,1009.2,33.78,22.6,63.3
841527876,21.9,1009.33,33.27,22.6,63.3
841527877,21.9,1009.23,33.36,22.6,63.3
841527878,21.9,1009.24,33.11,22.6,63.3
841527879,21.9,1009.28,33.11,22.6,63.3
841527880,21.9,1009.25,33.36,22.6,63.3
841527881,21.9,1009.18,33.36,22.6,63.3
841527882,21.9,1009.15,32.94,22.6,63.3
841527883,21.9,1009.23,33.61,22.6,63.2
841527884,21.9,1009.16,33.94,22.6,63.2
841527885,21.9,1009.2,33.61,22.6,63.3
841527886,21.9,1009.14,33.78,22.6,63.3
841527887,21.9,1009.17,33.02,22.7,63.3
841527888,21.9,1009.2,32.94,22.7,63.3
841527889,21.9,1009.24,33.86,22.7,63.3
841527890,21.9,1009.23,34.11,22.6,63.3
841527891,21.9,1009.25,33.78,22.6,63.3
841527892,21.9,1009.26,33.36,22.7,63.3
841527893,21.9,1009.26,33.53,22.7,63.3
841527894,21.9,1009.25,33.27,22.6,63.3
841527895,21.9,1009.25,33.19,22.6,63.3
841527896,21.9,1009.24,33.36,22.6,63.3
841527897,21.9,1009.21,33.36,22.6,63.3
841527898,21.9,1009.16,32.94,22.6,63.3
841527899,21.9,1009.26,34.11,22.6,63.3
841527900,21.9,1009.19,33.86,22.6,63.3
841527901,21.9,1009.23,33.94,22.6,63.3
841527902,21.9,1009.2,33.94,22.6,63.3
841527903,21.9,1009.24,33.11,22.7,63.4
841527904,21.9,1009.16,33.11,22.7,63.4
841527905,21.9,1009.13,34.19,22.7,63.4
841527906,21.9,1009.18,33.78,22.7,63.3
841527907,21.9,1009.2,34.44,22.7,63.3
841527908,21.9,1009.07,34.28,22.6,63.3
841527909,21.9,1009.21,33.19,22.6,63.3
841527910,21.9,1009.2,34.11,22.6,63.3
841527911,21.9,1009.2,33.36,22.6,63.3
841527912,21.9,1009.2,33.86,22.6,63.3
841527913,21.9,1009.14,33.27,22.6,63.3
841527914,21.9,1009.24,32.77,22.6,63.3
841527915,21.9,1009.17,33.61,22.7,63.3
841527916,21.9,1009.11,34.36,22.7,63.3
841527917,21.9,1009.19,33.69,22.6,63.3
841527918,21.9,1009.14,34.28,22.6,63.3
841527919,21.9,1009.2,33.36,22.6,63.2
841527920,21.9,1009.24,33.44,22.6,63.2
841527921,21.9,1009.23,34.02,22.6,63.2
841527922,21.9,1009.2,33.86,22.7,63.3
841527923,21.9,1009.18,33.94,22.7,63.3
841527924,21.9,1009.23,33.53,22.7,63.3
841527925,21.9,1009.24,33.36,22.7,63.3
841527926,21.9,1009.22,33.78,22.7,63.3
841527927,21.9,1009.2,33.61,22.7,63.3
841527928,21.9,1009.21,33.36,22.7,63.3
841527929,21.9,1009.11,34.11,22.7,63.2
841527930,21.9,1009.19,33.94,22.7,63.2
841527931,21.9,1009.13,34.36,22.7,63.3
841527932,21.9,1009.16,34.11,22.7,63.3
841527933,21.9,1009.07,33.86,22.7,63.3
841527934,21.9,1009.18,33.69,22.7,63.3
841527935,21.9,1009.21,33.53,22.7,63.3
841527936,21.9,1009.14,33.44,22.7,63.3
841527937,21.9,1009.25,33.69,22.7,63.3
841527938,21.9,1009.26,34.19,22.7,63.3
841527939,21.9,1009.15,33.44,22.7,63.3
841527940,21.9,1009.21,34.28,22.7,63.2
841527941,21.9,1009.14,34.36,22.7,63.2
841527942,21.9,1009.16,33.53,22.7,63.3
841527943,21.9,1009.1,34.28,22.7,63.3
841527944,21.9,1009.19,33.53,22.7,63.3
841527945,21.9,1009.2,33.61,22.7,63.2
841527946,21.9,1009.18,34.11,22.7,63.2
841527947,21.9,1009.2,33.11,22.7,63.3
841527948,21.9,1009.21,33.61,22.7,63.3
841527949,21.9,1009.24,33.53,22.7,63.2
841527950,21.9,1009.21,33.69,22.7,63.2
841527951,21.9,1009.1,34.36,22.7,63.2
841527952,21.9,1009.13,33.69,22.7,63.2
841527953,21.9,1009.19,33.69,22.7,63.2
841527954,21.9,1009.14,34.36,22.7,63.2
841527955,21.9,1009.2,33.44,22.7,63.2
841527956,21.9,1009.22,34.02,22.7,63.2
841527957,21.9,1009.13,33.78,22.7,63.2
841527958,21.9,1009.17,34.02,22.7,63.2
841527959,21.9,1009.19,33.11,22.7,63.2
841527960,21.9,1009.17,33.53,22.7,63.2
841527961,21.9,1009.14,33.53,22.7,63.2
841527962,21.9,1009.22,33.19,22.7,63.2
841527963,21.9,1009.21,33.36,22.7,63.1
841527964,21.9,1009.18,33.86,22.7,63.1
841527965,21.9,1009.26,33.36,22.7,63.2
841527966,21.9,1009.21,33.44,22.7,63.2
841527967,21.9,1009.26,33.69,22.7,63.2
841527968,21.9,1009.13,34.02,22.7,63.2
841527969,21.9,1009.21,33.86,22.7,63.2
841527970,21.9,1009.17,33.11,22.7,63.2
841527971,21.9,1009.24,33.78,22.7,63.2
841527972,21.9,1009.28,33.53,22.7,63.1
841527973,21.9,1009.14,33.53,22.7,63.1
841527974,21.9,1009.19,33.61,22.7,63.2
841527975,21.9,1009.24,34.36,22.7,63.2
841527976,21.9,1009.28,33.61,22.7,63.2
841527977,21.9,1009.21,33.27,22.7,63.2
841527978,21.9,1009.26,33.53,22.7,63.2
841527979,21.9,1009.13,33.69,22.7,63.1
841527980,21.9,1009.2,33.27,22.7,63.1
841527981,21.9,1009.23,33.27,22.7,63.2
841527982,21.9,1009.28,33.27,22.7,63.2
841527983,21.9,1009.15,33.27,22.7,63.2
841527984,21.9,1009.2,33.53,22.7,63.2
841527985,21.9,1009.16,34.28,22.7,63.2
841527986,21.9,1009.2,32.77,22.7,63.2
841527987,21.8,1009.25,34.02,22.7,63.2
841527988,21.9,1009.27,33.27,22.7,63.2
841527989,21.9,1009.16,33.86,22.7,63.2
841527990,21.9,1009.27,33.78,22.7,63.2
841527991,21.8,1009.18,33.44,22.7,63.2
841527992,21.8,1009.24,33.19,22.7,63.2
841527993,21.8,1009.2,33.86,22.7,63.2
841527994,21.9,1009.26,33.36,22.7,63.2
841527995,21.8,1009.15,34.02,22.7,63.2
841527996,21.8,1009.18,33.61,22.7,63.2
841527997,21.8,1009.25,33.69,22.7,63.2
841527998,21.8,1009.21,34.02,22.7,63.2
841527999,21.9,1009.21,33.94,22.7,63.2
841528000,21.9,1009.21,34.02,22.7,63.2
841528001,21.9,1009.28,33.78,22.7,63.2
841528002,21.9,1009.21,34.28,22.7,63.2
841528003,21.8,1009.2,33.53,22.7,63.2
841528004,21.8,1009.14,33.69,22.7,63.2
841528005,21.8,1009.17,33.44,22.7,63.2
841528006,21.8,1009.13,34.19,22.7,63.2
841528007,21.8,1009.2,34.02,22.7,63.2
841528008,21.9,1009.11,33.61,22.7,63.2
841528009,21.8,1009.18,33.11,22.6,63.2
841528010,21.9,1009.14,34.19,22.6,63.2
841528011,21.8,1009.21,33.69,22.6,63.2
841528012,21.8,1009.05,34.53,22.6,63.2
841528013,21.9,1009.13,33.69,22.6,63.2
841528014,21.8,1009.24,33.27,22.6,63.2
841528015,21.8,1009.24,34.11,22.7,63.2
841528016,21.8,1009.25,33.19,22.7,63.2
841528017,21.8,1009.16,33.27,22.7,63.2
841528018,21.9,1009.1,34.11,22.7,63.2
841528019,21.9,1009.21,32.61,22.7,63.2
841528020,21.8,1009.14,32.77,22.6,63.2
841528021,21.9,1009.21,32.94,22.6,63.2
841528022,21.8,1009.18,33.27,22.6,63.2
841528023,21.8,1009.16,33.36,22.6,63.2
841528024,21.8,1009.16,33.36,22.6,63.2
841528025,21.8,1009.27,33.36,22.6,63.2
841528026,21.9,1009.15,33.44,22.6,63.2
841528027,21.8,1009.14,33.44,22.6,63.2
841528028,21.8,1009.19,33.27,22.6,63.2
841528029,21.8,1009.22,33.27,22.6,63.2
841528030,21.8,1009.15,34.11,22.6,63.2
841528031,21.8,1009.16,33.53,22.6,63.3
841528032,21.9,1009.16,34.02,22.6,63.3
841528033,21.8,1009.19,33.19,22.6,63.3
841528034,21.8,1009.08,33.78,22.6,63.2
841528035,21.8,1009.1,33.78,22.6,63.2
841528036,21.8,1009.2,33.86,22.6,63.3
841528037,21.8,1009.18,33.78,22.6,63.3
841528038,21.8,1009.15,34.36,22.6,63.2
841528039,21.8,1009.14,33.78,22.6,63.2
841528040,21.8,1009.15,33.94,22.6,63.2
841528041,21.8,1009.24,33.44,22.6,63.3
841528042,21.8,1009.17,33.53,22.6,63.3
841528043,21.8,1009.1,33.61,22.6,63.3
841528044,21.8,1009.2,33.19,22.6,63.3
841528045,21.8,1009.15,34.11,22.6,63.3
841528046,21.8,1009.15,33.44,22.6,63.3
841528047,21.8,1009.16,33.02,22.5,63.4
841528048,21.8,1009.23,33.69,22.5,63.4
841528049,21.8,1009.1,34.11,22.5,63.4
841528050,21.8,1009.13,34.19,22.5,63.4
841528051,21.8,1009.22,34.02,22.5,63.4
841528052,21.8,1009.15,33.78,22.5,63.4
841528053,21.8,1009.12,34.61,22.5,63.4
841528054,21.8,1009.17,33.69,22.5,63.4
841528055,21.8,1009.19,34.36,22.5,63.4
841528056,21.8,1009.19,33.44,22.5,63.4
841528057,21.8,1009.2,33.53,22.5,63.4
841528058,21.8,1009.14,34.02,22.5,63.4
841528059,21.8,1009.11,33.86,22.5,63.5
841528060,21.8,1009.19,34.28,22.5,63.5
841528061,21.8,1009.14,33.11,22.5,63.5
841528062,21.8,1009.23,33.11,22.5,63.5
841528063,21.8,1009.2,32.86,22.5,63.4
841528064,21.8,1009.26,32.94,22.5,63.4
841528065,21.8,1009.1,33.19,22.5,63.4
841528066,21.8,1009.21,33.78,22.5,63.5
841528067,21.8,1009.23,33.94,22.5,63.5
841528068,21.8,1009.22,34.36,22.5,63.6
841528069,21.8,1009.12,34.78,22.5,63.6
841528070,21.8,1009.15,34.61,22.5,63.6
841528071,21.8,1009.16,34.02,22.5,63.6
841528072,21.8,1009.16,34.19,22.5,63.6
841528073,21.8,1009.14,34.53,22.5,63.6
841528074,21.8,1009.08,34.78,22.5,63.6
841528075,21.8,1009.23,33.78,22.4,63.6
841528076,21.8,1009.2,33.94,22.4,63.6
841528077,21.8,1009.21,33.69,22.4,63.6
841528078,21.8,1009.18,34.61,22.4,63.6
841528079,21.8,1009.11,33.61,22.4,63.7
841528080,21.8,1009.24,33.94,22.4,63.7
841528081,21.8,1009.14,33.53,22.4,63.7
841528082,21.8,1009.19,33.61,22.4,63.7
841528083,21.8,1009.18,34.28,22.4,63.7
841528084,21.8,1009.22,33.44,22.4,63.7
841528085,21.8,1009.27,34.19,22.4,63.7
841528086,21.8,1009.28,32.69,22.4,63.7
841528087,21.8,1009.23,33.27,22.4,63.7
841528088,21.8,1009.2,34.02,22.4,63.7
841528089,21.8,1009.24,33.86,22.4,63.7
841528090,21.8,1009.21,33.27,22.4,63.7
841528091,21.8,1009.19,33.61,22.4,63.8
841528092,21.8,1009.21,33.61,22.4,63.8
841528093,21.8,1009.08,33.53,22.4,63.8
841528094,21.8,1009.16,34.02,22.4,63.8
841528095,21.8,1009.21,33.69,22.4,63.8
841528096,21.8,1009.22,33.27,22.4,63.8
841528097,21.8,1009.19,33.36,22.4,63.8
841528098,21.8,1009.08,34.86,22.4,63.8
841528099,21.8,1009.15,33.69,22.4,63.8
841528100,21.8,1009.25,33.94,22.4,63.9
841528101,21.8,1009.13,33.61,22.4,63.9
841528102,21.8,1009.22,33.86,22.4,63.9
841528103,21.8,1009.17,33.94,22.4,63.9
841528104,21.8,1009.22,34.19,22.4,63.9
841528105,21.8,1009.21,34.28,22.4,63.9
841528106,21.8,1009.18,34.11,22.4,63.9
841528107,21.8,1009.22,33.36,22.3,63.9
841528108,21.8,1009.18,33.78,22.3,63.9
841528109,21.8,1009.23,33.27,22.3,63.9
841528110,21.8,1009.21,33.61,22.3,63.9
841528111,21.8,1009.18,33.27,22.3,64.0
841528112,21.8,1009.18,33.27,22.3,64.0
841528113,21.8,1009.23,33.53,22.3,64.0
841528114,21.8,1009.22,33.94,22.3,63.8
841528115,21.8,1009.12,33.94,22.3,63.8
841528116,21.8,1009.15,33.78,22.3,64.0
841528117,21.8,1009.13,34.53,22.3,64.0
841528118,21.8,1009.25,34.11,22.3,64.0
841528119,21.8,1009.16,34.02,22.3,64.0
841528120,21.8,1009.12,34.28,22.3,64.0
841528121,21.8,1009.21,33.44,22.3,64.0
841528122,21.8,1009.27,34.61,22.3,64.0
841528123,21.8,1009.23,33.36,22.3,64.0
841528124,21.8,1009.2,33.53,22.3,64.0
841528125,21.8,1009.24,33.27,22.3,64.0
841528126,21.8,1009.16,34.44,22.3,64.0
841528127,21.8,1009.17,33.78,22.3,64.0
841528128,21.8,1009.13,33.78,22.3,64.0
841528129,21.8,1009.17,34.53,22.3,64.0
841528130,21.8,1009.15,33.86,22.3,64.1
841528131,21.8,1009.14,33.53,22.3,64.1
841528132,21.8,1009.23,34.61,22.3,64.1
841528133,21.8,1009.2,33.94,22.3,64.1
841528134,21.8,1009.2,33.61,22.3,64.1
841528135,21.8,1009.19,33.69,22.3,64.1
841528136,21.8,1009.27,33.19,22.3,64.1
841528137,21.8,1009.12,34.28,22.3,64.1
841528138,21.8,1009.15,33.86,22.3,64.1
841528139,21.8,1009.18,34.61,22.3,64.2
841528140,21.8,1009.15,34.02,22.3,64.2
841528141,21.8,1009.07,34.28,22.3,64.2
841528142,21.8,1009.18,33.44,22.3,64.2
841528143,21.8,1009.22,33.36,22.3,64.3
841528144,21.8,1009.23,33.69,22.3,64.3
841528145,21.8,1009.19,33.94,22.3,64.3
841528146,21.8,1009.22,33.61,22.3,64.3
841528147,21.8,1009.2,33.61,22.3,64.3
841528148,21.8,1009.16,33.78,22.2,64.3
841528149,21.8,1009.1,33.61,22.2,64.3
841528150,21.8,1009.17,34.19,22.3,64.3
841528151,21.8,1009.21,34.19,22.3,64.3
841528152,21.8,1009.12,34.19,22.3,64.3
841528153,21.8,1009.07,34.44,22.2,64.3
841528154,21.7,1009.17,34.19,22.2,64.3
841528155,21.8,1009.16,33.61,22.2,64.3
841528156,21.8,1009.25,33.19,22.2,64.3
841528157,21.8,1009.21,33.94,22.2,64.3
841528158,21.8,1009.19,33.69,22.2,64.3
841528159,21.8,1009.11,34.44,22.2,64.4
841528160,21.8,1009.18,33.69,22.2,64.4
841528161,21.8,1009.15,34.28,22.2,64.4
841528162,21.8,1009.11,34.28,22.2,64.5
841528163,21.8,1009.13,33.94,22.2,64.5
841528164,21.8,1009.18,34.11,22.2,64.6
841528165,21.8,1009.13,34.19,22.2,64.6
841528166,21.8,1009.06,34.53,22.2,64.6
841528167,21.8,1009.2,34.19,22.2,64.6
841528168,21.8,1009.19,33.11,22.2,64.6
841528169,21.8,1009.18,33.36,22.2,64.6
841528170,21.8,1009.2,33.86,22.2,64.6
841528171,21.8,1009.18,33.86,22.2,64.6
841528172,21.8,1009.28,34.86,22.2,64.6
841528173,21.7,1009.13,33.53,22.2,64.7
841528174,21.7,1009.09,34.44,22.2,64.7
841528175,21.8,1009.15,34.19,22.2,64.6
841528176,21.8,1009.04,34.78,22.2,64.6
841528177,21.7,1009.13,34.19,22.2,64.6
841528178,21.7,1009.13,34.11,22.2,64.6
841528179,21.7,1009.16,34.02,22.2,64.6
841528180,21.8,1009.21,34.02,22.2,64.6
841528181,21.7,1009.13,33.94,22.2,64.6
841528182,21.8,1009.1,33.86,22.2,64.6
841528183,21.7,1009.12,34.69,22.2,64.6
841528184,21.7,1009.14,33.69,22.2,64.6
841528185,21.7,1009.25,34.02,22.2,64.7
841528186,21.7,1009.15,33.61,22.2,64.7
841528187,21.7,1009.15,33.36,22.2,64.7
841528188,21.7,1009.13,33.69,22.2,64.7
841528189,21.7,1009.09,34.94,22.2,64.7
841528190,21.7,1009.19,33.61,22.2,64.7
841528191,21.7,1009.22,34.53,22.2,64.7
841528192,21.7,1009.15,34.11,22.2,64.7
841528193,21.7,1009.0,33.69,22.2,64.7
841528194,21.7,1009.2,33.78,22.2,64.7
841528195,21.7,1009.1,33.69,22.2,64.7
841528196,21.7,1009.07,34.69,22.2,64.7
841528197,21.7,1009.1,33.94,22.2,64.7
841528198,21.7,1009.12,33.69,22.2,64.7
841528199,21.7,1009.05,34.53,22.2,64.7
841528200,21.7,1009.09,34.61,22.2,64.7
841528201,21.7,1009.13,33.61,22.2,64.8
841528202,21.7,1009.14,33.78,22.2,64.8
841528205,21.7,1009.19,33.44,22.2,64.7
841528205,21.7,1009.13,35.03,22.2,64.7
841528205,21.7,1009.15,33.44,22.2,64.8
841528206,21.7,1009.19,33.78,22.2,64.8
841528207,21.7,1009.1,33.69,22.2,64.8
841528208,21.7,1009.06,34.02,22.2,64.8
841528209,21.7,1009.15,33.69,22.2,64.8
841528210,21.7,1009.16,33.11,22.2,64.8
841528211,21.7,1009.16,34.44,22.2,64.8
841528212,21.7,1009.14,34.11,22.2,64.8
841528213,21.7,1009.22,33.61,22.2,64.8
841528214,21.7,1009.13,34.36,22.1,64.7
841528215,21.7,1009.18,34.02,22.1,64.7
841528216,21.7,1009.14,34.28,22.1,64.7
841528217,21.7,1009.12,35.03,22.2,64.8
841528220,21.7,1009.06,34.69,22.2,64.8
841528220,21.7,1009.12,33.86,22.1,64.8
841528220,21.7,1009.2,33.36,22.1,64.8
841528221,21.7,1009.05,34.94,22.1,64.8
841528222,21.7,1009.16,34.28,22.1,64.8
841528223,21.7,1009.17,33.86,22.1,64.9
841528224,21.7,1009.13,33.86,22.1,64.9
841528225,21.7,1009.11,34.02,22.1,64.9
841528226,21.7,1009.16,34.28,22.1,64.8
841528227,21.7,1009.2,34.78,22.1,64.8
841528228,21.7,1009.08,34.53,22.1,64.9
841528229,21.7,1009.22,34.28,22.1,64.9
841528230,21.7,1009.18,34.02,22.1,64.9
841528231,21.7,1009.21,33.61,22.1,64.9
841528232,21.7,1009.2,34.53,22.1,64.9
841528233,21.7,1009.22,34.28,22.1,64.9
841528234,21.7,1009.13,33.86,22.1,64.9
841528235,21.7,1009.17,33.44,22.1,64.9
841528262,21.7,1009.17,34.11,22.1,64.9
84152826,21.7,1009.18,33.53,22.1,64.9
841528262,21.7,1009.21,33.53,22.1,64.9
841528263,21.7,1009.23,33.27,22.0,65.3
841528263,21.7,1009.26,34.36,22.0,65.3
841528264,21.7,1009.18,33.19,22.0,65.3
841528265,21.7,1009.16,34.11,22.0,65.3
841528266,21.7,1009.21,33.78,22.0,65.3
841528267,21.7,1009.19,34.44,21.9,65.5
841528268,21.7,1009.2